,,,,,,,,,,,
,,,,,,,,,,,
,,,,,,,,,,,
Country,Survey,Characteristic,Women with no education,Women with completed primary education,Women with completed secondary education,Women with more than secondary education,Women with primary education,Women with secondary or higher education,Median years of education completed [Women],Women who can read a whole sentence,Women who are literate
Armenia,2015-16 DHS,Total 15-49,0.1,0,36.2,53.5,0.3,99.6,11.3,,
Armenia,2015-16 DHS,Region : Aragatsotn,0,0,57.4,34.9,0,100,9.9,,
Armenia,2015-16 DHS,Region : Ararat,0,0.2,51.8,34.7,0.6,99.4,9.9,,
Armenia,2015-16 DHS,Region : Armavir,0.5,0.2,41.2,37.4,1.4,98.2,9.8,,
Armenia,2015-16 DHS,Region : Gegharkunik,0,0,56.7,30.6,0,100,9.8,,
Armenia,2015-16 DHS,Region : Lori,0,0,43.3,49.3,0,100,11.1,,
Armenia,2015-16 DHS,Region : Kotayk,0,0,36.5,53.2,0.4,99.6,11,,
Armenia,2015-16 DHS,Region : Shirak,0.2,0,39.6,51.3,0.2,99.6,11,,
Armenia,2015-16 DHS,Region : Syunik,0.2,0,36.6,50,0,99.8,10.9,,
Armenia,2015-16 DHS,Region : Vayots Dzor,0,0,40.2,49.3,0,100,10.3,,
Armenia,2015-16 DHS,Region : Tavush,0.3,0,32.3,53.5,0,99.7,11.1,,
Armenia,2015-16 DHS,Region : Yerevan,0,0,20.3,73.8,0.2,99.8,12.7,,
Armenia,2010 DHS,Total 15-49,0.1,,33.9,58,0,99.9,11.2,,
Armenia,2010 DHS,Region : Aragatsotn,0,,65.4,29.4,0,100,9.7,,
Armenia,2010 DHS,Region : Ararat,0,,52.3,38.8,0,100,9.8,,
Armenia,2010 DHS,Region : Armavir,0,,38.3,50.8,0,100,10,,
Armenia,2010 DHS,Region : Gegharkunik,0,,51.7,36.1,0.3,99.7,9.7,,
Armenia,2010 DHS,Region : Lori,0,,43.6,47.2,0.2,99.8,9.9,,
Armenia,2010 DHS,Region : Kotayk,0,,35.1,55.7,0,100,10.8,,
Armenia,2010 DHS,Region : Shirak,0.2,,34.5,57.2,0,99.8,11,,
Armenia,2010 DHS,Region : Syunik,0,,27.8,65.7,0,100,12.1,,
Armenia,2010 DHS,Region : Vayots Dzor,0.4,,45,47.5,0,99.6,9.9,,
Armenia,2010 DHS,Region : Tavush,0.1,,33.2,55.8,0,99.9,11.1,,
Armenia,2010 DHS,Region : Yerevan,0.1,,18.7,75.7,0,99.9,12.3,,
Armenia,2005 DHS,Total 15-49,0.1,0.1,33.7,24.4,0.5,99.5,8.2,,
Armenia,2005 DHS,Region : Aragatsotn,0,0,44.2,10.7,0,100,8.1,,
Armenia,2005 DHS,Region : Ararat,0,0,44.6,11,0.1,99.9,8.1,,
Armenia,2005 DHS,Region : Armavir,0,0.7,41.5,12.5,1.6,98.4,8.1,,
Armenia,2005 DHS,Region : Gegharkunik,0.4,0,43,11.9,0,99.6,8.1,,
Armenia,2005 DHS,Region : Lori,0.2,0,41.1,18.1,0.1,99.7,8.2,,
Armenia,2005 DHS,Region : Kotayk,0.1,0,40.2,16.2,0.5,99.4,8.2,,
Armenia,2005 DHS,Region : Shirak,0.3,0.2,38.4,18.3,0.6,99.1,8.2,,
Armenia,2005 DHS,Region : Syunik,0.2,0,25.8,20.6,0.8,99.1,7.4,,
Armenia,2005 DHS,Region : Vayots Dzor,0,0,48.3,12.3,0.5,99.5,8.2,,
Armenia,2005 DHS,Region : Tavush,0,0,34.6,17,1.2,98.8,8,,
Armenia,2005 DHS,Region : Yerevan,0,0,23,39.9,0.3,99.7,8.6,,
Armenia,2000 DHS,Total 15-49,0.1,0.1,67.9,18.7,0.4,99.6,10.5,,
Armenia,2000 DHS,Region : Aragatsotn,0.2,0.4,73.1,11,1,98.8,9.8,,
Armenia,2000 DHS,Region : Ararat,0,0,77.1,9,0.4,99.6,9.9,,
Armenia,2000 DHS,Region : Armavir,0,0,66.9,11.1,1.2,98.8,9.7,,
Armenia,2000 DHS,Region : Gegharkunik,0,0,72.4,6.3,0.4,99.6,9.7,,
Armenia,2000 DHS,Region : Lori,0,0,74.8,13.2,0.2,99.8,10,,
Armenia,2000 DHS,Region : Kotayk,0.2,0,72.4,12.6,0.2,99.6,10.4,,
Armenia,2000 DHS,Region : Shirak,0,0.2,67.1,22,0.2,99.8,11.2,,
Armenia,2000 DHS,Region : Syunik,0,0,75.5,12.1,0,100,10.6,,
Armenia,2000 DHS,Region : Vayots Dzor,0,0,77.3,8.7,0.2,99.8,9.8,,
Armenia,2000 DHS,Region : Tavush,0.2,0.2,66.5,14.9,0.4,99.4,9.9,,
Armenia,2000 DHS,Region : Yerevan,0.1,0.1,60.2,30.5,0.2,99.7,11.6,,
Congo Democratic Republic,2013-14 DHS,Total 15-49,15.4,8.4,8.5,3.7,36.9,47.7,5.6,6.6,63.8
Congo Democratic Republic,2013-14 DHS,Region : Kinshasa,0.8,3.5,27.1,14.7,10.2,88.9,10.1,2,93.3
Congo Democratic Republic,2013-14 DHS,Region : Bas-Congo,9.4,10.4,7.4,1.1,41,49.6,5.8,5.2,66.8
Congo Democratic Republic,2013-14 DHS,Region : Bandundu,12,9.1,9.3,1.4,37.2,50.8,5.9,5.8,65
Congo Democratic Republic,2013-14 DHS,Region : Equateur,21.8,7.7,4.4,1.3,42.7,35.5,4.3,6.4,53.4
Congo Democratic Republic,2013-14 DHS,Region : Orientale,18.1,9,3.6,1.9,47.5,34.4,4.4,7.8,57.6
Congo Democratic Republic,2013-14 DHS,Region : Nord-Kivu,23.6,9,5.4,6.3,33.9,42.5,5.2,13.1,64.2
Congo Democratic Republic,2013-14 DHS,Region : Maniema,17.9,13.5,6,1.5,40.3,41.8,5.3,4.9,66.4
Congo Democratic Republic,2013-14 DHS,Region : Sud-Kivu,28,5.7,5.5,1.7,35.4,36.5,4.3,15.2,59.8
Congo Democratic Republic,2013-14 DHS,Region : Katanga,18.6,8.9,5.6,3.4,39.2,42.2,5.1,4.1,54.3
Congo Democratic Republic,2013-14 DHS,Region : Kasaï Oriental,8.9,10.6,6.7,1.3,44.4,46.8,5.6,6.1,63.9
Congo Democratic Republic,2013-14 DHS,Region : Kasaï Occident,17.2,11.1,3.9,1.6,44.5,38.3,5,4,51.1
Congo Democratic Republic,2007 DHS,Total 15-49,20.8,7.1,6.1,2.6,38.5,40.6,4.7,7.9,58.9
Congo Democratic Republic,2007 DHS,Region : Kinshasa,1,4.3,15.9,10.7,14,85.1,8.9,3.5,91.5
Congo Democratic Republic,2007 DHS,Region : Bas-Congo,14.6,9.7,5.1,0.8,43.9,41.5,5.1,10.4,61.5
Congo Democratic Republic,2007 DHS,Region : Bandundu,22,6.1,8.4,0.5,40.4,37.6,4.1,4.8,51.4
Congo Democratic Republic,2007 DHS,Region : Equateur,32.5,7.1,2.2,0.3,41.5,25.9,2.9,10,49.4
Congo Democratic Republic,2007 DHS,Region : Orientale,32,5.2,1.5,0.6,51,17,1.9,9.9,38.7
Congo Democratic Republic,2007 DHS,Region : Nord-Kivu,37.1,4,1.3,0.5,43.1,19.8,2.1,15.3,52.1
Congo Democratic Republic,2007 DHS,Region : Maniema,18.2,8.3,2.2,0.7,49.8,32,4.2,14.2,63.4
Congo Democratic Republic,2007 DHS,Region : Sud-Kivu,30,7.1,1.7,1.1,39.4,30.6,3.4,19.7,62.2
Congo Democratic Republic,2007 DHS,Region : Katanga,23.7,7.1,7.6,4,34.8,41.5,4.8,7,59.6
Congo Democratic Republic,2007 DHS,Region : Kasaï Oriental,13.4,11.2,3.8,1.5,46,40.6,5.2,7.9,58.2
Congo Democratic Republic,2007 DHS,Region : Kasaï Occident,22.8,10.1,3.3,0.2,46,31.2,4.3,4.8,50.1
Ethiopia,2019 DHS,Total 15-49,40.4,6.4,1,5.7,41.7,18,2.5,27.8,47.6
Ethiopia,2019 DHS,Region : Tigray,34.8,7.1,2.2,12.6,30.8,34.4,5.4,36.8,59.6
Ethiopia,2019 DHS,Region : Afar,64.3,1.1,0.8,2.5,28.1,7.6,,7.9,19.8
Ethiopia,2019 DHS,Region : Amhara,46.4,8.2,0.2,5,38,15.5,1.8,34.7,49.8
Ethiopia,2019 DHS,Region : Oromia,37.2,6.5,0.7,3.2,48.1,14.7,2.5,28.8,47.1
Ethiopia,2019 DHS,Region : Somali,71.7,4.5,0.4,1.9,19.5,8.8,,5.3,12.3
Ethiopia,2019 DHS,Region : Benishangul-Gumuz,39.8,5,0.2,9.6,41.6,18.6,2.9,18.8,45.5
Ethiopia,2019 DHS,Region : SNNPR,40.7,4.1,0.8,3.6,45.8,13.5,2.1,17.1,42.2
Ethiopia,2019 DHS,Region : Gambela,21.1,9,0.4,12.6,50.9,28,5.6,16.6,38.2
Ethiopia,2019 DHS,Region : Harari,32.6,6.4,1.2,15.3,38,29.4,4.5,28.8,53.8
Ethiopia,2019 DHS,Region : Addis Ababa,13.3,7.9,7.3,26.5,32.7,54,8.6,45.6,84
Ethiopia,2019 DHS,Region : Dire Dawa,26.9,7.3,2.9,17.6,36,37.1,6.2,32.4,60.1
Ethiopia,2016 DHS,Total 15-49,47.8,3.2,1.2,5.6,35,17.2,0.6,25.1,42
Ethiopia,2016 DHS,Region : Tigray,43,3,1.1,6.3,32.3,24.8,2.1,35.1,51
Ethiopia,2016 DHS,Region : Afar,68.7,3.9,0.2,2.8,24.3,7,,13.8,23.7
Ethiopia,2016 DHS,Region : Amhara,54.1,1.7,0.6,5.4,28,17.9,,31.3,44.9
Ethiopia,2016 DHS,Region : Oromia,51.1,4.1,1.1,3.8,36.8,12.1,,21.1,37.3
Ethiopia,2016 DHS,Region : Somali,75.3,1.5,0.4,2,18.1,6.6,,6.2,12.4
Ethiopia,2016 DHS,Region : Benishangul-Gumuz,46.7,1.1,0.3,5.9,37.5,15.8,0.9,21.4,38.7
Ethiopia,2016 DHS,Region : SNNPR,43.9,2.8,0.5,3.7,42.7,13.4,1.6,14.1,35.3
Ethiopia,2016 DHS,Region : Gambela,26.7,4.5,1.5,12.5,38.7,34.5,5.6,27.6,50
Ethiopia,2016 DHS,Region : Harari,36.1,5.3,3.6,12,34.5,29.3,4,32.4,54.6
Ethiopia,2016 DHS,Region : Addis Ababa,8.6,6.4,7.5,24,37.1,54.3,8.1,61.3,87.8
Ethiopia,2016 DHS,Region : Dire Dawa,33.3,6.4,2.6,9.8,38.2,28.5,4.7,34.9,54.5
Ethiopia,2011 DHS,Total 15-49,50.8,4,0.9,4.4,38,11.2,,16.6,38.4
Ethiopia,2011 DHS,Region : Tigray,49.4,6,0.8,3.2,38.3,12.3,,24,45
Ethiopia,2011 DHS,Region : Afar,74.6,3,0.5,2.4,18.6,6.8,,8.3,20.3
Ethiopia,2011 DHS,Region : Amhara,61.4,3.5,0.4,4,29.4,9.2,,18.8,36.4
Ethiopia,2011 DHS,Region : Oromia,49.4,4.4,0.5,3.6,41.4,9.2,,15.7,38
Ethiopia,2011 DHS,Region : Somali,74.2,1.4,0.4,1.2,20.7,5.1,,7.3,19.8
Ethiopia,2011 DHS,Region : Benishangul-Gumuz,57.7,2.9,0.4,5.3,32.8,9.4,,12.3,29.4
Ethiopia,2011 DHS,Region : SNNPR,46.6,2.8,0.4,3.1,45,8.4,0.4,11.8,30.9
Ethiopia,2011 DHS,Region : Gambela,30.7,6.9,0.2,6.7,56.2,13,3.3,16.1,36.3
Ethiopia,2011 DHS,Region : Harari,35.6,5.7,6.1,13.9,34.1,30.3,4.5,16,54
Ethiopia,2011 DHS,Region : Addis Ababa,14.9,7.1,7.8,18.3,41.6,43.5,7.1,25.9,79.7
Ethiopia,2011 DHS,Region : Dire Dawa,37,5.5,3.7,12,35.2,27.8,4.2,13.1,50.8
Ethiopia,2005 DHS,Total 15-49,65.9,3,2.3,1.4,22.2,11.9,,9.6,29.2
Ethiopia,2005 DHS,Region : Tigray,63.5,3.7,2,2.4,20.1,16.5,,10,33.7
Ethiopia,2005 DHS,Region : Afar,84.8,1.7,0.7,0,8.4,6.8,,4.6,15.6
Ethiopia,2005 DHS,Region : Amhara,75.6,2.1,1.7,1.1,15.8,8.5,,9.6,25.1
Ethiopia,2005 DHS,Region : Oromia,64.4,3.3,1.5,0.5,25.6,10,,10.7,29.5
Ethiopia,2005 DHS,Region : Somali,90.6,1,2.2,0.6,4.3,5.2,,1.8,9.8
Ethiopia,2005 DHS,Region : Benishangul-Gumuz,73.2,2.8,0.8,1.4,20.4,6.4,,9.2,23.2
Ethiopia,2005 DHS,Region : SNNPR,65.7,3,0.7,0.3,27.7,6.7,,8.4,22.4
Ethiopia,2005 DHS,Region : Gambela,59.5,4.7,1.4,0.1,32.1,8.4,,5.4,22.8
Ethiopia,2005 DHS,Region : Harari,39.9,3,13,4.6,17.4,42.7,3.8,6.6,54.9
Ethiopia,2005 DHS,Region : Addis Ababa,17.6,5.7,16.7,11.6,24.3,58.1,7.3,12.7,79.9
Ethiopia,2005 DHS,Region : Dire Dawa,46.7,4.5,9.1,2.4,19.5,33.7,2.1,9.9,53
Ethiopia,2000 DHS,Total 15-49,75.2,1.6,1.9,0.6,15.8,9.1,,9.5,24.4
Ethiopia,2000 DHS,Region : Tigray,77.8,2.3,1.2,0.6,15.4,6.8,,10.3,22.6
Ethiopia,2000 DHS,Region : Afar,84.7,2.5,1,0.5,9,6.4,,6.4,16.6
Ethiopia,2000 DHS,Region : Amhara,83.5,1.2,0.9,0.4,10.7,5.8,,10.2,21.8
Ethiopia,2000 DHS,Region : Oromia,75.8,1.2,1,0.4,16.4,7.8,,7.5,21.7
Ethiopia,2000 DHS,Region : Somali,88.5,1,0.6,0.2,8,3.5,,5.8,12.2
Ethiopia,2000 DHS,Region : Benishangul-Gumuz,76.4,2.4,0.8,0.3,19.3,4.3,,12.7,22.4
Ethiopia,2000 DHS,Region : SNNPR,73.8,1.7,1.4,0.1,19.7,6.5,,10.8,22.3
Ethiopia,2000 DHS,Region : Gambela,60.2,3.5,1.3,0.9,28.9,10.9,,8.8,29.9
Ethiopia,2000 DHS,Region : Harari,53.4,2.9,9.5,0.9,16.2,30.4,,8,44.7
Ethiopia,2000 DHS,Region : Addis Ababa,25,5.9,18.4,5,22.7,52.3,6.3,15.7,76.1
Ethiopia,2000 DHS,Region : Dire Dawa,46,4.6,10.1,1.6,20,34,1.9,15.8,52.3
Lesotho,2014 DHS,Total 15-49,1,20.8,9.8,8.8,38.6,60.4,6.9,30.4,97
Lesotho,2014 DHS,Region : Butha-Buthe,1.6,19.3,10.1,6.5,40.9,57.5,6.9,29.2,96.8
Lesotho,2014 DHS,Region : Leribe,0.8,22.5,7.5,7.4,33.3,65.9,7,27.4,96.9
Lesotho,2014 DHS,Region : Berea,0.3,20.9,11,12.8,34.1,65.6,7.2,27.5,98.1
Lesotho,2014 DHS,Region : Maseru,0.7,16.8,12.7,13.3,31.9,67.4,7.4,23.8,97.9
Lesotho,2014 DHS,Region : Mafeteng,0.1,20.2,11.2,7.5,37.4,62.4,7,31.3,97.3
Lesotho,2014 DHS,Region : Mohale's Hoek,1.6,23.6,7.6,5.1,45.9,52.5,6.7,37.2,96.5
Lesotho,2014 DHS,Region : Quthing,1.6,16.2,10,5.1,43,55.4,6.7,34.3,96.1
Lesotho,2014 DHS,Region : Qasha's Nek,2.4,23.8,9.4,4.7,46.4,51.2,6.7,37.8,95.3
Lesotho,2014 DHS,Region : Mokhotlong,2.5,26,5.9,2.6,55.2,42.3,6.4,42.9,95
Lesotho,2014 DHS,Region : Thaba-Tseka,2,29.3,4.5,2.4,59,39,6.4,46.6,95
Lesotho,2009 DHS,Total 15-49,1.2,22.8,8,5.8,46.6,52.2,7,37,96.9
Lesotho,2009 DHS,Region : Butha-Buthe,1.2,22.4,12.1,5.1,44,54.7,7.4,29.9,97
Lesotho,2009 DHS,Region : Leribe,0.7,26.6,8,4.9,44.7,54.7,7.4,35,98.1
Lesotho,2009 DHS,Region : Berea,0.3,19.1,8,7.8,38.8,61,7.7,32.1,98.4
Lesotho,2009 DHS,Region : Maseru,1.2,20.3,9.8,8.7,38.5,60.3,7.8,31.2,98
Lesotho,2009 DHS,Region : Mafeteng,0.1,24.1,7.7,4.6,47.5,52.4,6.9,43.3,98.3
Lesotho,2009 DHS,Region : Mohale's Hoek,2.3,19.4,5.5,3.4,54.6,43.1,6.6,42.2,94.7
Lesotho,2009 DHS,Region : Quthing,4,21.5,6.8,2.8,58.1,37.9,6.4,37.5,90
Lesotho,2009 DHS,Region : Qasha's Nek,2.2,20.1,9,4.9,50.7,47.1,6.8,37.4,94.3
Lesotho,2009 DHS,Region : Mokhotlong,2.4,30.3,4.3,1.3,64.7,32.9,6.4,51.4,94.5
Lesotho,2009 DHS,Region : Thaba-Tseka,1.8,30.8,4.6,2.5,68.9,29.3,6.3,56.2,95.2
Lesotho,2004 DHS,Total 15-49,2,27.9,6.7,1.3,59.3,38.7,6.6,50.9,94.9
Lesotho,2004 DHS,Region : Butha-Buthe,1.7,29,6.1,2.5,57.3,41,6.7,52.4,96.1
Lesotho,2004 DHS,Region : Leribe,0.8,29.7,6.1,1,58.2,41,6.7,51.7,97.1
Lesotho,2004 DHS,Region : Berea,1.3,32.6,4.9,1,66.3,32.4,6.4,57.8,94.4
Lesotho,2004 DHS,Region : Maseru,0.9,25.9,12.5,2.2,47.9,51.2,7.1,39.5,96.7
Lesotho,2004 DHS,Region : Mafeteng,1.5,27.3,5,0.6,55.8,42.6,6.7,49.3,96.8
Lesotho,2004 DHS,Region : Mohale's Hoek,2.9,25,4.6,0.8,62.8,34.4,6.4,56.9,94.7
Lesotho,2004 DHS,Region : Quthing,4,26.4,3.8,0.7,67.3,28.7,6.2,57.2,91.9
Lesotho,2004 DHS,Region : Qasha's Nek,5.4,22.5,3.2,0.7,67.4,27.3,6,47.3,90
Lesotho,2004 DHS,Region : Mokhotlong,6.8,26.8,2.5,1.2,70.8,22.4,6,60.9,89.7
Lesotho,2004 DHS,Region : Thaba-Tseka,3.5,33.4,2.5,0.3,78.4,18.1,6,64.7,88.6
Malawi,2017 MIS,Total 15-49,13.6,10.5,6.5,2.6,63.6,22.8,5.4,57.1,69.6
Malawi,2017 MIS,Region : Northern,4,14,10.3,2.7,60.8,35.1,7,72,85.2
Malawi,2017 MIS,Region : Central,14.3,10.2,6,3,65,20.8,5,52.2,67.4
Malawi,2017 MIS,Region : Southern,15.6,9.9,5.9,2.2,63,21.4,5.1,57.8,67.5
Malawi,2015-16 DHS,Total 15-49,12.1,8.3,6.5,3,62.1,25.8,5.6,60.6,72.1
Malawi,2015-16 DHS,Region : Northern,4,15,7.3,3.4,64.5,31.5,6.8,68.5,80.8
Malawi,2015-16 DHS,Region : Central,12.2,7.1,6.4,4.2,61.9,25.9,5.3,59.2,70.8
Malawi,2015-16 DHS,Region : Southern,14.1,7.6,6.3,1.8,61.6,24.3,5.4,59.8,71.1
Malawi,2015-16 DHS,Region : ..Chitipa,6.7,21.6,6.7,1.8,62.8,30.5,7.1,64.3,74.5
Malawi,2015-16 DHS,Region : ..Karonga,4.4,10.5,6.5,2.8,67.3,28.2,6.5,62.8,79.4
Malawi,2015-16 DHS,Region : ..Mzimba,4.6,17,5.5,1.1,72.1,23.3,6.5,68.4,78.9
Malawi,2015-16 DHS,Region : ..Rumphi,1,17.3,9.1,2.8,56.1,42.9,7.5,79.9,86.5
Malawi,2015-16 DHS,Region : ..Nkhata Bay,4.6,10.7,6.3,2.3,68.9,26.4,6.3,66.4,76.2
Malawi,2015-16 DHS,Region : ..Likoma,3.5,11.8,11.6,2.1,57.4,39.1,7.1,76.5,89.7
Malawi,2015-16 DHS,Region : ..Mzuzu City,1.3,11.8,14.7,16.3,35.9,62.9,8.9,71.9,93.7
Malawi,2015-16 DHS,Region : ..Dedza,20.4,4.3,1.7,1.2,68.2,11.4,3.4,53.7,60.3
Malawi,2015-16 DHS,Region : ..Dowa,13.8,10.3,4.7,1.3,65.8,20.4,5,60.4,73.2
Malawi,2015-16 DHS,Region : ..Kasungu,8.2,9.4,5.8,2.2,64.6,27.2,6.1,66.1,77.7
Malawi,2015-16 DHS,Region : ..Lilongwe,9.8,6.8,9.7,8.5,54.7,35.5,6.2,59.9,73
Malawi,2015-16 DHS,Region : ..Mchinji,12.8,5.1,3,1.5,67.6,19.6,4.8,59.3,69.4
Malawi,2015-16 DHS,Region : ..Nkhotakota,15.1,9.3,8,1.4,59.2,25.7,5.4,56.4,69.7
Malawi,2015-16 DHS,Region : ..Ntcheu,9.2,7.9,4.6,1.9,68.6,22.2,5.5,64.1,74.8
Malawi,2015-16 DHS,Region : ..Ntchisi,8,7.9,5.3,1.5,72.1,19.8,5.1,64,73.9
Malawi,2015-16 DHS,Region : ..Salima,21.1,3.8,3.6,1.4,65.8,13.1,3,44.6,54.7
Malawi,2015-16 DHS,Region : ..Balaka,11.8,9.3,5.6,1.6,64.6,23.6,5.6,63,75.8
Malawi,2015-16 DHS,Region : ..Blantyre,5.5,9.5,16.5,4.8,43.3,51.2,7.9,74.9,87.3
Malawi,2015-16 DHS,Region : ..Chikwawa,29.8,4.9,3.5,1.2,54.2,16,3.5,36.7,53.8
Malawi,2015-16 DHS,Region : ..Chiradzulu,6.2,8.8,3.6,2,66.7,27.2,6.1,70.1,77.8
Malawi,2015-16 DHS,Region : ..Machinga,25.7,4.6,2.1,0.6,63.5,10.8,3.9,43.2,56.3
Malawi,2015-16 DHS,Region : ..Mangochi,25.8,4.8,2.5,0.6,61.1,13.1,3.7,50.6,57
Malawi,2015-16 DHS,Region : ..Mulanje,6.7,7.3,2.7,0.8,78.7,14.6,5,60.5,70.9
Malawi,2015-16 DHS,Region : ..Mwanza,16.3,5.9,6,1.4,62,21.6,4.4,55.6,69.4
Malawi,2015-16 DHS,Region : ..Neno,14.8,6.1,4.8,1.1,64.3,20.9,5.1,60.6,73.6
Malawi,2015-16 DHS,Region : ..Nsanje,24.8,7.3,2.6,1.5,56.7,18.5,4.2,40.6,55.8
Malawi,2015-16 DHS,Region : ..Phalombe,10.8,10.4,2,0.4,77.9,11.3,4.6,63.3,69.4
Malawi,2015-16 DHS,Region : ..Thyolo,13.3,7.5,5.5,1.1,63.8,22.9,5.5,60.3,74
Malawi,2015-16 DHS,Region : ..Zomba,7.8,9.7,7.3,1.8,67,25.2,5.7,66,77.9
Malawi,2015-16 DHS,Region : ..Blantyre Rural,10.4,6.5,4.9,2.2,58.3,31.3,6.2,70.4,79.6
Malawi,2015-16 DHS,Region : ..Blantyre City,3,11.1,22.4,6.1,35.7,61.3,9.2,77.2,91.1
Malawi,2015-16 DHS,Region : ..Zomba Rural,9.2,9.2,3.7,0.9,73.2,17.6,5.1,61.7,73.7
Malawi,2015-16 DHS,Region : ..Zomba City,1.8,11.8,22.9,5.8,41,57.1,8.8,84.3,95.8
Malawi,2015-16 DHS,Region : ..Lilongwe Rural,14,5.3,4.3,0.4,68.2,17.8,4.3,55.5,61.1
Malawi,2015-16 DHS,Region : ..Lilongwe City,3.6,9,17.7,20.4,34.8,61.7,9.5,66.4,90.5
Malawi,2014 MIS,Total 15-49,14.4,11.5,6.7,2.4,62.6,23,5.6,38.8,72.3
Malawi,2014 MIS,Region : Northern,6.1,20.6,7.7,2.5,66.4,27.5,6.9,43.6,83.6
Malawi,2014 MIS,Region : Central,15.9,10.1,7,3.3,61,23.1,5.1,38.2,69.3
Malawi,2014 MIS,Region : Southern,16.7,8.7,6,1.5,62.5,20.8,5.2,37.1,70.1
Malawi,2012 MIS,Total 15-49,18.2,10.7,6.2,1.3,61.3,20.5,5.1,36.8,67.9
Malawi,2012 MIS,Region : Northern,5.6,15.1,5.7,1.4,71.7,22.7,6.4,45.2,81.7
Malawi,2012 MIS,Region : Central,23.3,10.8,4.8,1.2,57.7,18.9,4.7,34.2,63
Malawi,2012 MIS,Region : Southern,17.3,9.1,7.7,1.4,61.3,21.3,4.9,36.7,68.1
Malawi,2010 DHS,Total 15-49,15.2,9.3,5.6,1.8,64.8,20,4.9,39.4,67.6
Malawi,2010 DHS,Region : Northern,3.9,11,6.5,1,71.9,24.3,6.8,44,79.7
Malawi,2010 DHS,Region : Central,16.7,9.5,5,1.5,65.6,17.7,4.3,38.9,64.5
Malawi,2010 DHS,Region : Southern,16.7,8.7,5.9,2.4,62.3,21,4.7,38.6,67.5
Malawi,2010 DHS,Region : ..Chitipa,3.2,10.8,5.8,0.3,72.7,24.1,6.7,38.7,78.1
Malawi,2010 DHS,Region : ..Karonga,3.9,12.8,7.3,1,73.1,23.1,6.4,33.8,74.5
Malawi,2010 DHS,Region : ..Mzimba,4.2,10.7,6.1,1.3,72.3,23.5,6.7,49.6,80.8
Malawi,2010 DHS,Region : ..Nkhata Bay and Likoma,5.5,11.2,4.7,0.4,72.3,22.3,6.7,40.9,76
Malawi,2010 DHS,Region : ..Rumphi,1.2,9.2,9.9,0.7,66.7,32.1,7.4,42.7,87.8
Malawi,2010 DHS,Region : ..Dedza,26.6,10.2,2.6,0.1,65.3,8.1,2.4,40.4,50.4
Malawi,2010 DHS,Region : ..Dowa,17.4,11.9,4,0.1,66,16.6,4.8,40.7,64.2
Malawi,2010 DHS,Region : ..Kasungu,11.3,11.8,5.6,0.4,69.1,19.6,5.5,47.8,72.3
Malawi,2010 DHS,Region : ..Lilongwe,14.2,8.7,7.5,4.2,60.8,25,4.5,29.8,66.7
Malawi,2010 DHS,Region : ..Mchinji,18.2,8.1,5.7,0,64,17.8,4.2,39.2,65
Malawi,2010 DHS,Region : ..Nkhotakota,14.4,6.8,3.6,0.7,68.6,17,4.6,37.3,60.6
Malawi,2010 DHS,Region : ..Ntcheu,14.8,9.4,2.9,0.3,71.2,14,4.5,53.2,73.4
Malawi,2010 DHS,Region : ..Ntchisi,13.2,10.4,4.7,1.2,70.4,16.4,4.8,45.1,72
Malawi,2010 DHS,Region : ..Salima,19.3,6.7,4,1.5,68.3,12.5,3.2,32.6,56.9
Malawi,2010 DHS,Region : ..Balaka,13.4,10.9,5.7,1.6,66,20.6,4.9,41.8,74.9
Malawi,2010 DHS,Region : ..Blantyre,5.8,7.5,13.6,7.1,50.1,44.2,7.5,34.9,85.4
Malawi,2010 DHS,Region : ..Chikwawa,21.9,6.3,4,0.7,62.5,15.6,3.4,31.8,54.9
Malawi,2010 DHS,Region : ..Chiradzulu,10.5,7.7,3.9,1.4,73.2,16.2,4.6,41,68.3
Malawi,2010 DHS,Region : ..Machinga,25.9,7.7,3.1,0.9,62.5,11.7,3.7,40.3,57
Malawi,2010 DHS,Region : ..Mangochi,35.3,7.5,4,0.4,52.8,11.9,2.7,28.9,51.5
Malawi,2010 DHS,Region : ..Mulanje,15.1,10.9,2.8,1.3,70.4,14.6,4.2,48.1,66.2
Malawi,2010 DHS,Region : ..Mwanza,15.4,8.8,5.7,0.9,67.7,16.9,4.3,44.4,73.5
Malawi,2010 DHS,Region : ..Neno,15.8,10.1,4.4,0.6,68.1,16,4.7,43.3,70.9
Malawi,2010 DHS,Region : ..Nsanje,29.8,6.9,3,1,57.8,12.4,2.8,21.8,49.1
Malawi,2010 DHS,Region : ..Phalombe,15.9,13.6,1.8,0.1,75.8,8.3,3.9,49.3,63.8
Malawi,2010 DHS,Region : ..Thyolo,12.6,9.5,5.3,0.9,69.9,17.5,4.6,39.4,67.8
Malawi,2010 DHS,Region : ..Zomba,9,10.1,5,3.5,70.1,20.9,5.1,50.7,75.4
Malawi,2004 DHS,Total 15-49,22.6,10.1,5.3,0.7,61.9,15.5,4.1,38.3,62.4
Malawi,2004 DHS,Region : Northern,8.6,19.9,6.9,0.7,69.4,22.1,6.5,45.3,78.2
Malawi,2004 DHS,Region : Central,24,8.2,5.8,0.8,60.3,15.8,3.8,36.5,60.9
Malawi,2004 DHS,Region : Southern,25.4,8.9,4.4,0.7,61.3,13.3,3.5,37.8,59.1
Malawi,2000 DHS,Total 15-49,27,8,3.8,0.1,61.9,11.1,3.1,37.5,56.5
Malawi,2000 DHS,Region : Northern,11.1,16.2,4,0,74.4,14.5,5.6,47.8,70.8
Malawi,2000 DHS,Region : Central,26.9,7.1,2.9,0.1,63.7,9.4,2.8,39.1,56.4
Malawi,2000 DHS,Region : Southern,30.7,6.8,4.4,0.1,57.5,11.8,2.7,33.9,53.3
Malawi,1992 DHS,Total 15-49,47.2,6.7,1.3,0.2,48.5,4.4,0.4,,
Malawi,1992 DHS,Region : Northern,20.2,15.8,1.9,0.1,71.9,7.9,4.6,,
Malawi,1992 DHS,Region : Central,48.7,5.2,1.2,0.2,47.2,4,0.1,,
Malawi,1992 DHS,Region : Southern,52.4,5.7,1.3,0.2,43.8,3.8,,,
Maldives,2016-17 DHS,Total 15-49,4.2,12.9,4.4,21,22.2,73.6,9.4,72.6,98.9
Maldives,2016-17 DHS,Region : Central,8.8,16.7,2.9,10.4,28.2,63.1,9.1,73.2,98.2
Maldives,2016-17 DHS,Region : Malé,3.1,8.4,5.9,31.7,14.5,82.4,9.7,63.8,99
Maldives,2016-17 DHS,Region : North,4.5,18.4,2.6,9.3,32.1,63.4,9,84.4,98.3
Maldives,2016-17 DHS,Region : North Central,3.6,17.2,3.1,12.1,29.9,66.5,9.2,82.4,99.7
Maldives,2016-17 DHS,Region : South Central,3.9,16.3,1.9,14.1,29.6,66.5,9.1,78.9,99.5
Maldives,2016-17 DHS,Region : South,6.2,14.3,5.3,15.4,22.9,70.9,9.2,76.6,98.4
Maldives,2009 DHS,Total 15-49,23.4,20.8,1.5,4.7,34.6,40.9,6.6,,
Maldives,2009 DHS,Region : Central,27.9,25.1,0.9,1.4,41.6,29.9,6.2,,
Maldives,2009 DHS,Region : Malé,12.2,17.6,3.3,11,28.5,58.1,8.5,,
Maldives,2009 DHS,Region : North,29.6,24.7,0.2,0.7,40.4,29.5,6.2,,
Maldives,2009 DHS,Region : North Central,35.2,21.8,0.4,1.1,34.2,29.5,6.1,,
Maldives,2009 DHS,Region : South Central,30.9,20.4,0.5,1,36.1,31.6,6.1,,
Maldives,2009 DHS,Region : South,22.1,20.4,0.8,3.3,36.8,39.2,6.5,,
Mozambique,2018 MIS,Total 15-49,22,8.3,7.2,1.9,49.3,28.7,4.3,35.9,50.5
Mozambique,2018 MIS,Region : Niassa,37.2,5.2,2.5,0.4,49.3,13.5,2.6,18.2,28.1
Mozambique,2018 MIS,Region : Cabo Delgado,35.1,7.7,1.9,0.3,57,7.9,2.2,12.3,17.5
Mozambique,2018 MIS,Region : Nampula,29.4,5.8,6.9,1.3,48.8,21.8,3,25.4,40.1
Mozambique,2018 MIS,Region : Zambézia,21.2,6.3,10.3,0.3,54.5,24.4,3.5,28,36.5
Mozambique,2018 MIS,Region : Tete,21.3,8,4,0.7,61.8,16.9,3.8,28.6,47
Mozambique,2018 MIS,Region : Manica,25.9,11,4.8,1.6,43.9,30.2,4.7,37.3,54
Mozambique,2018 MIS,Region : Sofala,24,10,4.7,2.5,47.7,28.3,4.4,34.1,50.8
Mozambique,2018 MIS,Region : Inhambane,13.3,11.8,6,2,47.1,39.6,6.1,60.2,76.9
Mozambique,2018 MIS,Region : Gaza,10.3,13,8.7,2.7,53.8,35.8,5.9,53.9,73.9
Mozambique,2018 MIS,Region : Maputo Provincia,6.7,11,8.5,3.9,38.4,54.9,7.2,64.4,84.9
Mozambique,2018 MIS,Region : Maputo Cidade,4,9.4,17.7,9,30.1,65.9,9,69.8,90
Mozambique,2015 AIS,Total 15-49,26,7.7,3.7,1.6,51.3,22.8,3.5,,
Mozambique,2015 AIS,Region : Niassa,30.1,6,5.2,0.9,50.5,19.4,2.7,,
Mozambique,2015 AIS,Region : Cabo Delgado,24,7,3.3,0.6,58.3,17.7,3,,
Mozambique,2015 AIS,Region : Nampula,35,5.5,2.4,2.1,52,13,1.7,,
Mozambique,2015 AIS,Region : Zambézia,32.6,6.5,2.5,0.9,54.8,12.6,2.1,,
Mozambique,2015 AIS,Region : Tete,40.4,4.2,1.5,0.3,51.5,8.1,1.6,,
Mozambique,2015 AIS,Region : Manica,26.6,9.3,3.6,1.6,47.7,25.7,4.5,,
Mozambique,2015 AIS,Region : Sofala,29.7,8.5,2.7,1.1,47.4,22.9,3,,
Mozambique,2015 AIS,Region : Inhambane,19.7,11.6,4.1,0.9,49.5,30.8,5,,
Mozambique,2015 AIS,Region : Gaza,13.1,8.7,2.5,1.7,59.8,27,4.7,,
Mozambique,2015 AIS,Region : Maputo Provincia,7.3,14.7,8,1.2,49,43.7,6.5,,
Mozambique,2015 AIS,Region : Maputo Cidade,3.9,8.1,10.6,6.7,35.4,60.7,7.7,,
Mozambique,2011 DHS,Total 15-49,31.2,7.3,2.3,1.2,51.7,17.1,2.8,14,40.2
Mozambique,2011 DHS,Region : Niassa,47.8,6.9,2.2,0.8,40.5,11.7,0.6,7.8,31.8
Mozambique,2011 DHS,Region : Cabo Delgado,45.2,4.2,1.2,0.3,47.5,7.3,0.8,7.3,24.5
Mozambique,2011 DHS,Region : Nampula,32.1,4.9,1.9,0.3,57.5,10.4,2.2,11.5,28.2
Mozambique,2011 DHS,Region : Zambézia,36,3.2,0.7,0.4,56.9,7.1,1.3,9.6,24.6
Mozambique,2011 DHS,Region : Tete,44.6,4.7,1.9,0.2,43.3,12.1,1.4,5.8,23.8
Mozambique,2011 DHS,Region : Manica,21,12.5,2.3,0.5,54.8,24.2,4.6,17.7,49.4
Mozambique,2011 DHS,Region : Sofala,35,7.4,3,2.6,47.3,17.7,2.4,11.3,39.6
Mozambique,2011 DHS,Region : Inhambane,27.6,9,2.8,0.2,54.8,17.6,3.7,19.3,51.7
Mozambique,2011 DHS,Region : Gaza,25.9,9.4,2,0.6,55.6,18.5,3.8,24.1,55.8
Mozambique,2011 DHS,Region : Maputo Provincia,8.9,14.3,4.1,1.1,53.9,37.2,6.1,31,76.8
Mozambique,2011 DHS,Region : Maputo Cidade,3.1,14.6,6.5,8.3,47.2,49.8,7,24.5,85.7
Mozambique,2009 AIS,Total 15-49,29.5,6.2,,0.8,57.5,13,1.5,,
Mozambique,2009 AIS,Region : Niassa,61,4.7,,0.3,31.3,7.6,,,
Mozambique,2009 AIS,Region : Cabo Delgado,22,5.4,,0,70.2,7.8,1.5,,
Mozambique,2009 AIS,Region : Nampula,29.5,5,,0.4,60.5,10,1.3,,
Mozambique,2009 AIS,Region : Zambézia,31,4.5,,0,62.1,7,0.8,,
Mozambique,2009 AIS,Region : Tete,52.1,3.2,,0,42.2,5.7,,,
Mozambique,2009 AIS,Region : Manica,28.7,9.5,,0.2,61.4,10,2.3,,
Mozambique,2009 AIS,Region : Sofala,36,5.3,,0.2,52.5,11.6,0.7,,
Mozambique,2009 AIS,Region : Inhambane,24.5,11.6,,0,63.1,12.4,3.2,,
Mozambique,2009 AIS,Region : Gaza,18.4,8.1,,0.1,68.8,12.9,2.7,,
Mozambique,2009 AIS,Region : Maputo Provincia,11.8,9.8,,1,60.2,28,4.7,,
Mozambique,2009 AIS,Region : Maputo Cidade,3.6,7.7,,8.8,45.5,50.9,6.5,,
Mozambique,2003 DHS,Total 15-49,41.1,2.9,0.6,0.2,51.1,7.8,1,23.4,37.5
Mozambique,2003 DHS,Region : Niassa,52.8,1.4,0,0.2,43.3,4,,8.6,16.6
Mozambique,2003 DHS,Region : Cabo Delgado,43,1.1,0.2,0,55.1,1.9,,9.6,15.5
Mozambique,2003 DHS,Region : Nampula,51.8,2,0.2,0,44.6,3.6,,14.7,24.1
Mozambique,2003 DHS,Region : Zambézia,56,1.8,0.3,0,41.5,2.6,,11.5,19.9
Mozambique,2003 DHS,Region : Tete,49.7,1.8,0.3,0,45.2,5.1,,15.8,27.1
Mozambique,2003 DHS,Region : Manica,43.8,2.9,0.2,0,51.1,5,0.9,31.1,39.9
Mozambique,2003 DHS,Region : Sofala,50.2,2.3,0.8,0,42.5,7.3,,20.1,33.7
Mozambique,2003 DHS,Region : Inhambane,34.7,4.1,0.1,0,58.9,6.4,2.1,39.5,54.1
Mozambique,2003 DHS,Region : Gaza,27.5,3,0.2,0,66.2,6.4,2.6,39.8,55.3
Mozambique,2003 DHS,Region : Maputo Provincia,14.9,6.1,1.4,0.1,69.7,15.4,4.1,45.9,70.3
Mozambique,2003 DHS,Region : Maputo Cidade,5.8,6.8,3.1,2.5,59.6,34.5,5.4,40.7,82
Mozambique,1997 DHS,Total 15-49,42.9,2.9,0.4,0.1,52.7,4.4,0.4,,
Mozambique,1997 DHS,Region : Niassa,54.2,1.3,0.1,0,43.7,2,,,
Mozambique,1997 DHS,Region : Cabo Delgado,53.1,1.1,0,0,46.7,0.2,,,
Mozambique,1997 DHS,Region : Nampula,54.2,1.1,0.2,0,44.2,1.6,,,
Mozambique,1997 DHS,Region : Zambézia,40.5,2.6,0.1,0.1,57.1,2.4,0.7,,
Mozambique,1997 DHS,Region : Tete,52.4,1.5,0,0,46.4,1.2,,,
Mozambique,1997 DHS,Region : Manica,44.5,2.5,0.2,0,53.5,2,,,
Mozambique,1997 DHS,Region : Sofala,52.3,1.1,0.1,0,45.9,1.8,,,
Mozambique,1997 DHS,Region : Inhambane,30.7,2.6,0.2,0.1,65.3,4,1.9,,
Mozambique,1997 DHS,Region : Gaza,40.5,2.5,0,0,54.4,5.1,1.4,,
Mozambique,1997 DHS,Region : Maputo Provincia,27.5,10,1.1,0,56.9,15.6,3.5,,
Mozambique,1997 DHS,Region : Maputo Cidade,12.3,9.3,2.8,0.6,69.8,17.9,4.5,,
Namibia,2013 DHS,Total 15-49,4.6,6.1,17.8,10.1,19.6,75.8,9.1,13.2,93.4
Namibia,2013 DHS,Region : Central,3.8,4.5,24,17.3,12.7,83.5,9.8,7.9,94.2
Namibia,2013 DHS,Region : Northwest,3.9,7.1,13.2,5.9,21.9,74.2,8.6,17.5,94.4
Namibia,2013 DHS,Region : ..Omusati,4.4,9.8,7.9,3.9,24.5,71,8.2,19.9,93.9
Namibia,2013 DHS,Region : ..Ohangwena,4.8,7.7,8.3,3.3,29.3,65.9,7.9,21.5,91.6
Namibia,2013 DHS,Region : ..Oshana,0.9,2.7,22.8,10.9,11.6,87.5,9.5,10.1,98
Namibia,2013 DHS,Region : ..Oshikoto,5.2,7.5,15.9,6.3,20.4,74.5,8.7,17.4,94.9
Namibia,2013 DHS,Region : Kunene,21.9,4.1,9.3,3.9,22.2,55.9,7.6,15.5,76.5
Namibia,2013 DHS,Region : Northeast,6.1,8.6,13.4,3.5,33.4,60.6,8,17.9,90.9
Namibia,2013 DHS,Region : ..Zambezi,5,4.6,15,5,17.2,77.8,8.7,8.2,92.1
Namibia,2013 DHS,Region : ..Kavango,6.6,10.8,12.5,2.7,42.2,51.1,7.1,23.1,90.3
Namibia,2013 DHS,Region : ..Omaheke,17.2,7.8,9.7,4.1,23.8,59,7.8,10.3,77.2
Namibia,2013 DHS,Region : ..Otjozondjupa,9.5,8.3,15.6,4.9,23.5,67,8.6,14.9,87.3
Namibia,2013 DHS,Region : ..Erongo,1,4.2,24.6,9.4,13.3,85.7,9.6,9.3,97.6
Namibia,2013 DHS,Region : ..Khomas,2,3.3,27.2,24.4,8.7,89.2,11.1,5.4,96.5
Namibia,2013 DHS,Region : ..Hardap,3.2,7.1,16.9,5.2,19.9,76.9,9,12.7,95.4
Namibia,2013 DHS,Region : ..Karas,1.7,6.6,18.1,6.6,18.7,79.6,9.1,11.2,95.9
Namibia,2013 DHS,Region : South,2.4,6.8,17.5,5.9,19.2,78.4,9.1,11.9,95.7
Namibia,2006-07 DHS,Total 15-49,6.6,7.5,12.6,7,24.8,68.5,8.5,15.9,90.9
Namibia,2006-07 DHS,Region : Central,5.4,5.2,19.8,11.3,16.2,78.4,9.3,10.8,92.8
Namibia,2006-07 DHS,Region : Northwest,4.7,8.8,8.3,4.3,29.7,65.6,8.2,22.1,94.1
Namibia,2006-07 DHS,Region : ..Omusati,2.9,7.8,8.1,4.5,26.8,70.3,8.4,20.3,95.8
Namibia,2006-07 DHS,Region : ..Ohangwena,6.6,12.5,5.5,2.6,37.6,55.9,7.5,30,92.9
Namibia,2006-07 DHS,Region : ..Oshana,2.5,6.6,12.6,5.7,21.1,76.4,8.7,15.6,96.1
Namibia,2006-07 DHS,Region : ..Oshikoto,6.8,7.6,7.9,4.6,31.5,61.7,8.1,20.7,91.6
Namibia,2006-07 DHS,Region : Kunene,28.1,7.9,8.8,4.5,27.8,44.1,6.3,13.4,68.1
Namibia,2006-07 DHS,Region : Northeast,12.3,9.1,3.3,3.6,35.8,52,7.2,14.2,80.4
Namibia,2006-07 DHS,Region : ..Zambezi,5.5,8.5,2.2,4.4,29,65.5,8.2,11.5,88.3
Namibia,2006-07 DHS,Region : ..Kavango,15.7,9.3,3.9,3.2,39.3,45.1,6.5,15.6,76.5
Namibia,2006-07 DHS,Region : ..Omaheke,17.7,8.3,7.9,5.1,23.2,59.1,7.9,13,77.8
Namibia,2006-07 DHS,Region : ..Otjozondjupa,13.6,7.5,11.2,3.7,29,57.4,7.7,16.4,83.9
Namibia,2006-07 DHS,Region : ..Erongo,3.1,7.4,22.6,6.7,17.9,78.9,9.3,14.6,95.8
Namibia,2006-07 DHS,Region : ..Khomas,2,3.4,23.1,15.6,11.3,86.7,9.8,7.9,96.7
Namibia,2006-07 DHS,Region : ..Hardap,6.1,9.3,11.6,3.8,26.2,67.7,8.2,18.3,91
Namibia,2006-07 DHS,Region : ..Karas,1.4,10.1,19.4,5.9,20.8,77.8,8.9,13,96.5
Namibia,2006-07 DHS,Region : South,3.7,9.7,15.5,4.9,23.5,72.8,8.6,15.6,93.8
Namibia,2000 DHS,Total 15-49,9.5,12.2,12,2.4,33.1,57.4,7.6,21.1,86.7
Namibia,2000 DHS,Region : Central,11,10.3,17.4,3.3,24.5,64.5,8.1,14.9,87.8
Namibia,2000 DHS,Region : Northwest,6.3,13,8.6,2,39.6,54.1,7.3,29.6,91.6
Namibia,2000 DHS,Region : ..Omusati,6.2,15.3,5.6,1.2,39.5,54.3,7.4,34.5,94.5
Namibia,2000 DHS,Region : ..Ohangwena,10.3,12.1,1.7,1.2,52.8,36.9,5.9,34.4,85.6
Namibia,2000 DHS,Region : ..Oshana,2,12.7,17.6,3.1,31,67,8.1,23.6,94.5
Namibia,2000 DHS,Region : ..Oshikoto,7.7,11.8,8.1,2.4,35.9,56.4,7.4,26.4,91.1
Namibia,2000 DHS,Region : Kunene,30.5,8.9,7.3,4.1,29.7,39.8,5.8,17.8,67.8
Namibia,2000 DHS,Region : Northeast,14.1,15.1,5.6,1.2,41,44.9,6.7,15,70.3
Namibia,2000 DHS,Region : ..Zambezi,10.3,19.5,6.7,1,37.5,52.2,7.2,10,68.7
Namibia,2000 DHS,Region : ..Kavango,16.5,12.4,4.9,1.4,43.1,40.5,6.2,18.1,71.2
Namibia,2000 DHS,Region : ..Omaheke,37.8,10.7,4,1.4,28.8,33.4,4.5,19.8,59
Namibia,2000 DHS,Region : ..Otjozondjupa,19,11.7,7.8,2.3,32.8,48.2,6.8,20.8,80.8
Namibia,2000 DHS,Region : ..Erongo,2.4,8.7,20.6,5.2,21,76.6,9,9.1,94.9
Namibia,2000 DHS,Region : ..Khomas,5.2,10.1,23.7,3.4,20.5,74.3,8.9,12.9,93.7
Namibia,2000 DHS,Region : ..Hardap,5.8,18.2,12.3,2,32,62.2,7.8,16.3,85.8
Namibia,2000 DHS,Region : ..Karas,2.7,7.4,22.1,2.1,20.1,77.2,8.9,13.9,92.7
Namibia,2000 DHS,Region : South,4.3,13.1,17,2,26.4,69.3,8.3,15.1,89.1
Namibia,1992 DHS,Total 15-49,14.5,9.4,4.9,1.9,48.4,37.1,5.7,,
Namibia,1992 DHS,Region : Northwest,11.2,8.8,2.3,0.9,57.8,31,5.2,,
Namibia,1992 DHS,Region : Northeast,18.6,9.2,1.6,0.1,58.6,22.8,4.6,,
Namibia,1992 DHS,Region : Central/South 1992,16.2,10,8.7,3.6,35.2,48.6,6.7,,
Nepal,2016 DHS,Total 15-49,33.3,5.5,9.5,14.9,16.7,50,5,45.4,69.1
Nepal,2016 DHS,Region : Central,35.7,5.1,8.4,17.8,17,47.3,4.5,38.5,64.5
Nepal,2016 DHS,Region : Eastern,32.1,5.5,11.7,12.7,16.5,51.4,5.4,46.5,67.9
Nepal,2016 DHS,Region : Western,24,6.3,10.2,16.8,19,57.1,6.4,51.6,78.1
Nepal,2016 DHS,Region : Midwestern,38.1,5.8,8.5,10.2,15.9,46,4.3,50.4,71.6
Nepal,2016 DHS,Region : Farwestern,40.9,4.6,8.4,11.3,12.3,46.9,4.3,48.3,67
Nepal,2016 DHS,Region : Province 1,25.6,6.3,12.4,14.6,17.8,56.6,6.5,53.2,77.7
Nepal,2016 DHS,Region : Province 2,53.3,4.3,6.4,5.8,17.4,29.3,,24.9,38.5
Nepal,2016 DHS,Region : Province 3,23.4,5.3,10.7,26.2,15.5,61.1,7.6,48,82
Nepal,2016 DHS,Region : Province 4,19.4,7.2,10.7,18.3,18.9,61.7,7,59.5,86.4
Nepal,2016 DHS,Region : Province 5,31,6,9.3,12.9,18.8,50.2,5.1,48.7,72.6
Nepal,2016 DHS,Region : Province 6,41.9,4.4,8.2,11.5,12.7,45.4,3.9,44.6,66.2
Nepal,2016 DHS,Region : Province 7,40.9,4.6,8.4,11.3,12.3,46.9,4.3,48.3,67
Nepal,2016 DHS,Region : Mountain,40.5,5.5,7.5,12.4,15.1,44.4,4,44.4,64.3
Nepal,2016 DHS,Region : Hill,25.3,5.6,10.8,19.1,16.8,57.8,6.8,52.8,80.8
Nepal,2016 DHS,Region : Terai,39.2,5.3,8.7,11.6,16.8,44,3.8,39.1,59.8
Nepal,2011 DHS,Total 15-49,39.8,5.5,10.6,7.8,17.4,42.8,3.5,15.8,66.7
Nepal,2011 DHS,Region : Central,45,4.5,9.1,10.7,16,39,1.9,13.2,59.6
Nepal,2011 DHS,Region : Eastern,31,4.5,14.6,6.5,18.7,50.3,5.1,15,71.9
Nepal,2011 DHS,Region : Western,32.3,8.1,11.4,7.7,19.6,48.1,4.8,20,77
Nepal,2011 DHS,Region : Midwestern,47.8,4.8,8,5,16.6,35.6,1,18.5,62.2
Nepal,2011 DHS,Region : Farwestern,50.3,6.4,7.4,4.6,15.6,34.2,,14.9,61.2
Nepal,2006 DHS,Total 15-49,53.1,5.3,4.6,4.1,17.6,29.3,,16.3,54.5
Nepal,2006 DHS,Region : Central,55.8,4,5.9,5.2,16.8,27.4,,14.7,50.5
Nepal,2006 DHS,Region : Eastern,49.7,4.6,4.9,4.1,17.6,32.7,,16.4,55.9
Nepal,2006 DHS,Region : Western,42.4,7.7,4.4,4.8,21.7,35.9,2.5,20.1,64.6
Nepal,2006 DHS,Region : Midwestern,58.4,5.1,4.1,2.8,16.6,25,,15.9,54.7
Nepal,2006 DHS,Region : Farwestern,62.3,6.7,2,1.4,14.9,22.9,,15.1,48.1
Nepal,2001 DHS,Total 15-49,72,3.1,2.7,1.2,14.8,13.2,,15.4,35.3
Nepal,2001 DHS,Region : Central,74.6,2.6,3,1.4,13.9,11.5,,10.5,27.9
Nepal,2001 DHS,Region : Eastern,67,3.8,3,1.5,16.5,16.5,,15.4,38.1
Nepal,2001 DHS,Region : Western,62,4.5,3.3,1.5,19.9,18.1,,26.9,50.9
Nepal,2001 DHS,Region : Midwestern,80.1,2.2,1.7,0.6,10.7,9.2,,12.9,32.4
Nepal,2001 DHS,Region : Farwestern,84.8,2,1.1,0.1,8.9,6.3,,11.5,24.4
Nepal,1996 DHS,Total 15-49,80,2.2,1.6,1.1,11,9,,,
Nepal,1996 DHS,Region : Central,79.4,2,2.3,1.6,10.9,9.7,,,
Nepal,1996 DHS,Region : Eastern,76.3,2.2,1.6,1.3,12.2,11.5,,,
Nepal,1996 DHS,Region : Western,76.1,3.4,1.5,1,13.9,10,,,
Nepal,1996 DHS,Region : Midwestern,85.6,1.6,1,0.8,8.5,5.8,,,
Nepal,1996 DHS,Region : Farwestern,90.2,1.5,0.4,0,6.2,3.7,,,
Nicaragua,2001 DHS,Total 15-49,14.4,13.8,10.2,9.9,39.5,46,5.7,35.5,84.8
Nicaragua,2001 DHS,Region : Nueva Segovia,16.9,18.5,6.9,6.1,50.9,32.3,5,46.1,82.3
Nicaragua,2001 DHS,Region : Jinotega,33.8,7,2.1,3.4,50.3,15.9,1.9,44.8,67
Nicaragua,2001 DHS,Region : Madriz,18.2,15.1,7.7,3.9,52.8,29,4,47.7,79.4
Nicaragua,2001 DHS,Region : Estelí,6.2,17.4,10.9,10.7,44.4,49.4,6,40.2,92.4
Nicaragua,2001 DHS,Region : Chinandega,12.5,15.3,9.6,7.3,45.5,42.1,5.5,40,85
Nicaragua,2001 DHS,Region : León,9.2,17.9,11.9,9.7,44.6,46.2,5.8,40.2,90.3
Nicaragua,2001 DHS,Region : Matagalpa,23.7,13.6,7.1,4.8,44.5,31.9,3.9,40.7,76
Nicaragua,2001 DHS,Region : Boaco,23.4,11.9,7.9,6.8,43.6,33,4.1,39.8,76.3
Nicaragua,2001 DHS,Region : Managua,4.6,13.8,15.3,16.2,28.6,66.8,7.9,25.9,94.5
Nicaragua,2001 DHS,Region : Masaya,9.9,15.5,8.7,11.7,41.3,48.8,5.9,38.6,89.5
Nicaragua,2001 DHS,Region : Chontales,19.8,10.6,9.3,10,37.8,42.4,5.3,34.3,82.3
Nicaragua,2001 DHS,Region : Granada,8.9,15.9,10.5,11.1,40.8,50.4,6,37.1,90.1
Nicaragua,2001 DHS,Region : Carazo,10.9,11.4,13.3,12.7,34.7,54.4,6.7,32.1,89
Nicaragua,2001 DHS,Region : Rivas,11.5,20.1,7.6,6.9,50,38.5,5.4,46.6,88.6
Nicaragua,2001 DHS,Region : Río San Juan,34.4,9.5,5.7,2.6,42.6,23,2.6,36.6,67.7
Nicaragua,2001 DHS,Region : Atlántico Norte (Raan),33.5,11.1,3.8,2.1,41.6,24.9,2.8,31.8,61.1
Nicaragua,2001 DHS,Region : Atlántico Sur (Raas),30.6,8.5,5.6,6.8,39.2,30.2,3.1,36.4,71
Nicaragua,1998 DHS,Total 15-49,15.5,13.4,12.2,6.5,40.4,44,5.6,,
Nicaragua,1998 DHS,Region : Nueva Segovia,20.5,16.7,11.8,1.7,47.3,32.2,4.7,,
Nicaragua,1998 DHS,Region : Jinotega,38.2,9.9,4.6,1.7,46,15.9,1.8,,
Nicaragua,1998 DHS,Region : Madriz,22,13,9.8,1.8,50.2,27.9,3.8,,
Nicaragua,1998 DHS,Region : Estelí,9.4,16.8,12.2,6.9,48.1,42.5,5.6,,
Nicaragua,1998 DHS,Region : Chinandega,14.8,14.4,11.7,4.3,47.3,37.8,5.2,,
Nicaragua,1998 DHS,Region : León,13.8,13.7,13.1,7.5,40.7,45.5,5.7,,
Nicaragua,1998 DHS,Region : Matagalpa,25.8,13.6,6.2,3.6,44,30.2,3.9,,
Nicaragua,1998 DHS,Region : Boaco,25.5,12.4,8.2,2.6,45.5,29,3.7,,
Nicaragua,1998 DHS,Region : Managua,6.6,13.5,16.1,10.1,32.4,61,7.2,,
Nicaragua,1998 DHS,Region : Masaya,14.3,12.7,12,9.9,38.7,47,5.8,,
Nicaragua,1998 DHS,Region : Chontales,24,12.1,12.7,3.7,38.4,37.6,4.9,,
Nicaragua,1998 DHS,Region : Granada,12.3,14.7,14,6.7,43.1,44.6,5.6,,
Nicaragua,1998 DHS,Region : Carazo,8.6,11.4,17,9.8,37.8,53.6,6.6,,
Nicaragua,1998 DHS,Region : Rivas,11.7,17.9,10.4,4.6,49.8,38.4,5.4,,
Nicaragua,1998 DHS,Region : Río San Juan,30.6,12.3,9.4,0.8,45.6,23.9,3,,
Nicaragua,1998 DHS,Region : Atlántico Norte (Raan),27.7,12.8,5.4,0.7,48.8,23.5,3.4,,
Nicaragua,1998 DHS,Region : Atlántico Sur (Raas),27.8,9.4,7.8,3.2,41.6,30.6,3.4,,
Nigeria,2018 DHS,Total 15-49,34.9,10.1,23.3,11,14.4,50.6,6.5,23.9,53.1
Nigeria,2018 DHS,Region : North East,59.1,7.4,11,6.2,12.7,28.2,,13.8,31.8
Nigeria,2018 DHS,Region : North West,63.8,6.6,9.8,4.5,11.2,25,,15.1,29
Nigeria,2018 DHS,Region : South East,4.2,13.9,36.5,15.4,18.5,77.2,11.1,35.8,79.3
Nigeria,2018 DHS,Region : South West,7.9,12.3,39.9,20.4,14.6,77.5,11.3,35.4,80.6
Nigeria,2018 DHS,Region : South South,4.7,12.5,39.4,15.7,15.8,79.5,11.1,41.2,79
Nigeria,2018 DHS,Region : ..FCT Abuja,18.6,12,26.6,18.9,16.4,65,9.7,19.3,67.8
Nigeria,2018 DHS,Region : ..Benue,21.8,12.9,17.8,9.7,23.6,54.6,7.2,14.4,55.8
Nigeria,2018 DHS,Region : ..Kogi,12.8,21.6,32.2,10.3,26.1,61.1,9.5,21.5,57.7
Nigeria,2018 DHS,Region : ..Kwara,31.9,15.8,19.8,16.3,18.4,49.7,6,16.7,53.7
Nigeria,2018 DHS,Region : ..Nasarawa,26.1,11.3,23.1,12.1,16,57.9,8.2,18.7,60.2
Nigeria,2018 DHS,Region : ..Niger,65.1,4.4,13.6,6.2,6.8,28.1,,8.9,25.9
Nigeria,2018 DHS,Region : ..Plateau,18.5,16.1,20.6,10.9,25.1,56.4,7.9,17.7,52.9
Nigeria,2018 DHS,Region : ..Adamawa,47,9.1,20.7,6.2,12.5,40.5,4.8,17.3,39.9
Nigeria,2018 DHS,Region : ..Bauchi,63.4,9.7,5.9,2.7,18.2,18.4,,11.1,26.4
Nigeria,2018 DHS,Region : ..Borno,58.5,5.9,11.7,12.3,8.1,33.4,,16.3,40.6
Nigeria,2018 DHS,Region : ..Gombe,64.8,5.5,10,4.4,9.6,25.6,,15.8,32.1
Nigeria,2018 DHS,Region : ..Taraba,36.7,9.7,13.8,8.1,21.7,41.6,5.1,13.9,35.1
Nigeria,2018 DHS,Region : ..Yobe,75.5,4.9,7.4,3,8.2,16.3,,10,19.5
Nigeria,2018 DHS,Region : ..Jigawa,74.9,5.7,6.9,1.4,9.9,15.2,,8.4,18.1
Nigeria,2018 DHS,Region : ..Kaduna,47,8.4,15.3,7.8,14.4,38.6,3.2,25.9,44.2
Nigeria,2018 DHS,Region : ..Kano,56.3,6.8,10.4,8.1,11.6,32.1,,20.2,37.8
Nigeria,2018 DHS,Region : ..Katsina,58.9,9.4,9.6,1.8,16.9,24.2,,14.2,26.6
Nigeria,2018 DHS,Region : ..Kebbi,81.8,5.7,6,0.6,7.2,11,,7.9,15.3
Nigeria,2018 DHS,Region : ..Sokoto,88.4,2.1,3.2,1.5,3.9,7.7,,2.3,10.6
Nigeria,2018 DHS,Region : ..Zamfara,75,2.7,9.8,3.7,4.4,20.7,,7.8,22.8
Nigeria,2018 DHS,Region : ..Abia,2.1,11.7,48.6,16.3,13.7,84.2,11.3,39.3,88
Nigeria,2018 DHS,Region : ..Anambra,2.3,12.7,42.3,14.1,16.6,81.1,11.2,39.1,87
Nigeria,2018 DHS,Region : ..Ebonyi,11.9,24.7,20.9,5.2,34.5,53.7,7.1,20.1,53.7
Nigeria,2018 DHS,Region : ..Enugu,4.2,13,35.9,17.5,17.5,78.4,11.1,36.7,83.6
Nigeria,2018 DHS,Region : ..Imo,0.5,6.3,37.2,26.2,8.3,91.2,11.4,44.3,85.2
Nigeria,2018 DHS,Region : ..Ekiti,5.1,11.8,33.1,20.3,14.6,80.3,11.1,35.3,80.5
Nigeria,2018 DHS,Region : ..Lagos,5.4,8.9,43.1,25.2,10.8,83.8,11.4,36.5,85.3
Nigeria,2018 DHS,Region : ..Ogun,10.3,19.2,37,19.3,21.9,67.7,11.2,47.5,86.7
Nigeria,2018 DHS,Region : ..Ondo,7.9,14.1,32.9,13.8,18.3,73.8,10.6,27.6,72.4
Nigeria,2018 DHS,Region : ..Osun,6.4,14.3,42.5,14.4,17,76.6,11.2,41,79.9
Nigeria,2018 DHS,Region : ..Oyo,13.8,12.8,39.3,18.4,14.1,72.1,11.2,25.2,71.1
Nigeria,2018 DHS,Region : ..Akwa Ibom,2.9,15.8,36.1,17.4,20.3,76.8,11.1,39.4,80.6
Nigeria,2018 DHS,Region : ..Bayelsa,9.7,13.9,33.3,8.8,16.7,73.6,10.5,34.4,75.2
Nigeria,2018 DHS,Region : ..Cross River,6,12.7,28.8,16.7,18.6,75.5,10.4,37.8,73.6
Nigeria,2018 DHS,Region : ..Delta,7.8,12.4,39.6,18,13.9,78.3,11.2,24.1,77.2
Nigeria,2018 DHS,Region : ..Edo,8.4,16.1,29.9,13.3,19,72.6,9.5,35.2,72.8
Nigeria,2018 DHS,Region : ..Rivers,1,8.9,49.8,15.2,11.9,87.2,11.3,57.5,84
Nigeria,2018 DHS,Region : North Central,31.8,12.5,20.2,10.7,18.4,49.8,6,15.4,49.6
Nigeria,2015 MIS,Total 15-49,38.8,10.6,19.5,10.2,15.5,45.7,5.5,2,53.5
Nigeria,2015 MIS,Region : North East,58.2,10.7,10.5,3.7,15.6,26.3,,3.5,35.9
Nigeria,2015 MIS,Region : North West,70,7.7,7.8,4.1,11.5,18.5,,1.6,24.6
Nigeria,2015 MIS,Region : South East,4.3,11.6,37.5,18.1,15.6,80.1,11.1,2,88.4
Nigeria,2015 MIS,Region : South West,11.9,10.7,31.1,19.9,15,73.1,11,2.6,81.6
Nigeria,2015 MIS,Region : South South,7,13.4,32.7,15.3,17.2,75.9,10.6,2.1,82.5
Nigeria,2015 MIS,Region : ..FCT Abuja,18,12.8,16.7,26.2,17,65,10.1,0,69.9
Nigeria,2015 MIS,Region : ..Benue,28.8,19,17.9,4.3,28.4,42.8,5.6,0,66.5
Nigeria,2015 MIS,Region : ..Kogi,13,16,36.3,10.8,23.1,63.9,10.4,1.1,66.7
Nigeria,2015 MIS,Region : ..Kwara,49.5,8.7,9.5,12.3,13,37.5,1,1.1,42.5
Nigeria,2015 MIS,Region : ..Nasarawa,29.5,15.6,12.3,8.9,28.1,42.4,5.5,0.4,48.7
Nigeria,2015 MIS,Region : ..Niger,75.2,4,8.6,6.8,6,18.9,,0.4,21.9
Nigeria,2015 MIS,Region : ..Plateau,45.8,16,3,2.8,34.2,19.9,2,3.7,30.3
Nigeria,2015 MIS,Region : ..Adamawa,30.4,17.7,11.7,5,27,42.6,5.6,5.7,56.1
Nigeria,2015 MIS,Region : ..Bauchi,73.8,12.3,4.2,0.4,14.1,12.1,,5.5,23.5
Nigeria,2015 MIS,Region : ..Borno,58.7,7,11.3,11.2,7.7,33.6,,0.7,50.4
Nigeria,2015 MIS,Region : ..Gombe,57.1,9.4,16.7,7.3,13.8,29.1,,3.1,39.2
Nigeria,2015 MIS,Region : ..Taraba,65.6,9,6.1,3.6,16.4,18.1,,0.8,22.3
Nigeria,2015 MIS,Region : ..Yobe,59.5,4.9,16.8,2.2,9.1,31.4,,1.8,36.9
Nigeria,2015 MIS,Region : ..Jigawa,86,6.7,3.8,0.1,7.7,6.3,,0,7.4
Nigeria,2015 MIS,Region : ..Kaduna,36.9,12.7,17,7.2,18.2,45,5.6,1.9,52.4
Nigeria,2015 MIS,Region : ..Kano,58.6,11.1,12,7.1,13.8,27.6,,4.9,38.9
Nigeria,2015 MIS,Region : ..Katsina,65,10.3,4.5,5.6,19.2,15.8,,0,21.4
Nigeria,2015 MIS,Region : ..Kebbi,71.9,4,13.1,4.4,6.5,21.6,,2.5,24.4
Nigeria,2015 MIS,Region : ..Sokoto,90.3,0.3,3.8,0.7,2.5,7.2,,0.3,8.7
Nigeria,2015 MIS,Region : ..Zamfara,97.9,0.4,0.7,0.3,1.1,0.9,,0.4,8.8
Nigeria,2015 MIS,Region : ..Abia,4.3,5.3,44.2,13.8,8.5,87.3,11.2,6.8,96.4
Nigeria,2015 MIS,Region : ..Anambra,3.2,9.2,39.4,23.3,11.2,85.6,11.3,0,89.7
Nigeria,2015 MIS,Region : ..Ebonyi,9.8,20.5,28.3,10.6,28.4,61.8,8.6,0.8,72.2
Nigeria,2015 MIS,Region : ..Enugu,5.1,17.2,35.6,16,21.9,73,11,0.5,86.9
Nigeria,2015 MIS,Region : ..Imo,0,5.9,40.6,24,8.2,91.8,11.4,3.2,97
Nigeria,2015 MIS,Region : ..Ekiti,1.3,7.7,32.9,31.4,12.3,86.4,11.4,0.6,90.1
Nigeria,2015 MIS,Region : ..Lagos,6,9.2,50.2,20.2,10.7,83.2,11.4,0.9,89
Nigeria,2015 MIS,Region : ..Ogun,13,15.7,30.2,18.8,19.4,67.6,10.7,6.3,79.5
Nigeria,2015 MIS,Region : ..Ondo,17,20.9,16.1,10.4,26.6,56.4,8.1,4.5,68.9
Nigeria,2015 MIS,Region : ..Osun,7.6,16.1,36.6,12.7,17.2,75.2,10.9,4.4,84.2
Nigeria,2015 MIS,Region : ..Oyo,21.1,3.2,14.5,25.2,11.9,67.1,5.7,1.2,76.4
Nigeria,2015 MIS,Region : ..Akwa Ibom,5.4,14.8,26.4,17.9,22.7,71.9,9.9,3.2,81.9
Nigeria,2015 MIS,Region : ..Bayelsa,11.6,13.3,27.2,8.7,19.8,68.7,8.3,3.2,79.1
Nigeria,2015 MIS,Region : ..Cross River,3.7,16,34.3,11.1,17.4,78.9,10.5,4.3,86.9
Nigeria,2015 MIS,Region : ..Delta,6.1,15.4,25.4,15.7,18.4,75.5,9.2,0.9,80.4
Nigeria,2015 MIS,Region : ..Edo,11.4,9.4,33.2,15.6,10.5,78.1,10.9,0,81.3
Nigeria,2015 MIS,Region : ..Rivers,6.6,12.1,39.8,17.7,14.8,78.6,11.2,1.3,83.5
Nigeria,2015 MIS,Region : North Central,42.1,12.8,14,7.8,21.4,36.5,4.7,1.1,45.6
Nigeria,2013 DHS,Total 15-49,37.8,12.1,18.3,9.1,17.3,44.9,5.6,1.8,53.1
Nigeria,2013 DHS,Region : North East,64.4,8,7.7,4.9,13.7,21.9,,1.8,28.3
Nigeria,2013 DHS,Region : North West,69.4,8.2,7.7,2.5,11.6,19,,1.6,25.8
Nigeria,2013 DHS,Region : South East,5.3,14.4,30.6,14.2,21,73.8,10.3,1.2,84.2
Nigeria,2013 DHS,Region : South West,8.4,16,32.8,17.4,19.4,72.2,11,2.4,82
Nigeria,2013 DHS,Region : South South,5,16.8,29.2,14.2,23.2,71.8,9.8,2.4,81
Nigeria,2013 DHS,Region : ..FCT Abuja,11.4,11.7,26.5,30,16.2,72.4,11.2,0.9,78.8
Nigeria,2013 DHS,Region : ..Benue,17.2,16.8,9.9,5.2,36.8,46,5.7,1.5,52.8
Nigeria,2013 DHS,Region : ..Kogi,13.4,19.5,27.4,11.2,25.1,61.5,8.8,0.5,71.6
Nigeria,2013 DHS,Region : ..Kwara,21.4,17.5,23.5,16.4,19.3,59.3,8.9,3.4,67.9
Nigeria,2013 DHS,Region : ..Nasarawa,31.6,15.6,14.1,8.9,25.9,42.4,5.5,3.8,57.9
Nigeria,2013 DHS,Region : ..Niger,65.8,7.4,10.3,4.9,9.3,24.8,,0.7,29.2
Nigeria,2013 DHS,Region : ..Plateau,21.3,15.9,18.5,12,24.7,54,7.3,2.9,66.9
Nigeria,2013 DHS,Region : ..Adamawa,34.5,13.3,14.6,7.9,22,43.6,5.5,2.9,53.2
Nigeria,2013 DHS,Region : ..Bauchi,72.8,8.6,4.6,2.7,13.7,13.5,,2.1,20.1
Nigeria,2013 DHS,Region : ..Borno,72.4,5.7,6.5,7.1,8.6,19,,0.9,22.2
Nigeria,2013 DHS,Region : ..Gombe,63,7.6,10.3,3.5,13,24,,2.2,32.7
Nigeria,2013 DHS,Region : ..Taraba,45,13.7,9.3,4.8,27.4,27.6,2.4,2.8,40.1
Nigeria,2013 DHS,Region : ..Yobe,85.6,1.3,4.7,2.7,2.7,11.7,,0.4,12.9
Nigeria,2013 DHS,Region : ..Jigawa,83.2,6.2,1.5,0.4,11.1,5.7,,0.7,10.9
Nigeria,2013 DHS,Region : ..Kaduna,40.3,11.2,18.7,8.4,14.7,44.9,5.5,0.6,51.8
Nigeria,2013 DHS,Region : ..Kano,60.2,11.2,9.9,2,15.9,24,,3.5,36.3
Nigeria,2013 DHS,Region : ..Katsina,78.4,10.4,4.7,0.6,12.6,8.9,,1.5,15.2
Nigeria,2013 DHS,Region : ..Kebbi,81.2,5.3,4.3,1.1,8.2,10.5,,1.5,13.2
Nigeria,2013 DHS,Region : ..Sokoto,89.1,2.4,2.1,0.6,3.8,7,,0.7,10.2
Nigeria,2013 DHS,Region : ..Zamfara,86.3,3.5,2.3,1.7,5.5,8.2,,0.2,10.6
Nigeria,2013 DHS,Region : ..Abia,2.6,13.7,36.1,19.8,17.1,80.4,11.2,0.9,91.9
Nigeria,2013 DHS,Region : ..Anambra,2.9,10.1,37.7,19.2,14,83.2,11.2,1.5,91.8
Nigeria,2013 DHS,Region : ..Ebonyi,11.9,19.9,19.5,6,33.2,54.9,7.2,2.3,68.6
Nigeria,2013 DHS,Region : ..Enugu,5.7,17.4,28.5,10.6,24,70.4,9.7,0.3,82.1
Nigeria,2013 DHS,Region : ..Imo,0.5,9.5,35.7,19.3,12.5,87,11.1,0.5,93.3
Nigeria,2013 DHS,Region : ..Ekiti,2,10.3,32.1,25.5,12.8,85.2,11.2,2.4,92.5
Nigeria,2013 DHS,Region : ..Lagos,4.4,11.6,42.6,21.7,13.3,82.2,11.3,1.7,89.3
Nigeria,2013 DHS,Region : ..Ogun,11.9,28.8,25.4,7,34,54.1,7.6,6.7,74.9
Nigeria,2013 DHS,Region : ..Ondo,7.5,15.1,28.3,17.2,19.7,72.8,10.4,1.6,78.9
Nigeria,2013 DHS,Region : ..Osun,4,12.9,32.9,20.7,15.8,80.2,11.1,1.5,91.5
Nigeria,2013 DHS,Region : ..Oyo,15.4,17.5,27,14.6,21.7,62.9,9.1,1.9,71.5
Nigeria,2013 DHS,Region : ..Akwa Ibom,2.8,20,24.5,15.5,25.6,71.6,9.7,4.1,84.6
Nigeria,2013 DHS,Region : ..Bayelsa,4.7,16.3,30.5,6.7,26.4,68.9,8.7,1.8,78.2
Nigeria,2013 DHS,Region : ..Cross River,8.7,18.4,22.6,11.1,28.2,63.1,8.3,2.1,72.8
Nigeria,2013 DHS,Region : ..Delta,7.6,15.8,26.8,15.4,22.4,70,9.5,0.8,77.8
Nigeria,2013 DHS,Region : ..Edo,4.3,15.4,29.3,13.7,21.3,74.3,9.8,1.8,84.1
Nigeria,2013 DHS,Region : ..Rivers,3.1,15.6,37.3,16.8,19.5,77.5,11.1,3,84.6
Nigeria,2013 DHS,Region : North Central,31.6,14.2,16.1,9.7,22.5,45.9,5.7,1.7,54.3
Nigeria,2010 MIS,Total 15-49,42.5,11.7,17,7.6,17,40.5,5.2,2.4,50
Nigeria,2010 MIS,Region : North East,74.7,5.1,6.5,2.8,8.2,17.2,,0.4,23.7
Nigeria,2010 MIS,Region : North West,79.9,4.2,5.4,1.8,8,12.2,,2.2,19.3
Nigeria,2010 MIS,Region : South East,3.2,15.6,34.8,13.3,21.9,74.9,10.7,3.4,89.1
Nigeria,2010 MIS,Region : South West,20.2,13.5,23,13.9,19.8,60,8.6,3.7,70.2
Nigeria,2010 MIS,Region : South South,7.3,21.6,32.1,9.3,27.4,65.4,9.1,2.3,77.6
Nigeria,2010 MIS,Region : North Central,38.9,15.3,12.3,8.7,23.1,38.1,5.2,2.6,48
Nigeria,2008 DHS,Total 15-49,35.8,13.6,17.5,8.9,19.7,44.6,5.6,2.8,53.7
Nigeria,2008 DHS,Region : North East,68.1,8.5,5,2.2,15.5,16.5,,1.7,22.8
Nigeria,2008 DHS,Region : North West,74.2,8.1,5.3,2.5,11.8,14,,2.5,21.1
Nigeria,2008 DHS,Region : South East,6.3,15.3,28.6,13,23.4,70.3,9.6,3.3,81.3
Nigeria,2008 DHS,Region : South West,12,16.7,29.6,16.2,20.9,67.1,10,4.5,79.8
Nigeria,2008 DHS,Region : South South,6,17.7,26.1,12.2,25.3,68.6,8.7,2.1,77.8
Nigeria,2008 DHS,Region : North Central,35.5,16.8,12.9,8,25.1,39.3,5.4,2.1,47.6
Nigeria,2003 DHS,Total 15-49,41.6,13.1,11.9,5.9,21.4,37,5,5.5,48.2
Nigeria,2003 DHS,Region : North East,67.8,9.4,5,2.4,16.5,15.7,,4.2,25.6
Nigeria,2003 DHS,Region : North West,75,7,4.8,2.2,11.8,13.1,,3.1,20.9
Nigeria,2003 DHS,Region : South East,7.7,14.3,27.6,12.1,24.8,67.5,9.2,10.6,85.6
Nigeria,2003 DHS,Region : South West,10.8,19,20.3,11,24,65.2,8.9,7.1,79.1
Nigeria,2003 DHS,Region : South South,8.1,17.8,17.5,9.7,30.3,61.7,7.6,7.3,75
Nigeria,2003 DHS,Region : North Central,35.9,17.6,9.4,4.2,30,34.1,5.1,4.9,43.4
Nigeria,1990 DHS,Total 15-49,57.2,14.8,8.3,1.9,23.9,18.9,,,
Nigeria,1990 DHS,Region : Northeast - 1990,83.7,7.1,2,0.1,11.8,4.4,,,
Nigeria,1990 DHS,Region : Northwest - 1990,87.8,5,2,0.2,8,4.3,,,
Nigeria,1990 DHS,Region : Southeast - 1990,36.2,23.7,9.8,2,40.6,23.1,4.2,,
Nigeria,1990 DHS,Region : Southwest - 1990,26.1,20.7,19.8,5.3,29.8,44.1,5.7,,
Rwanda,2019-20 DHS,Total 15-49,9.4,22.1,7.2,4.4,58.3,32.3,5.2,42.7,84.8
Rwanda,2019-20 DHS,Region : Kigali,3.9,19.6,14.1,14.5,41.3,54.8,7.1,33.1,93.6
Rwanda,2019-20 DHS,Region : West,12.4,21.7,6.2,2.3,60.5,27.1,4.8,45.4,81.8
Rwanda,2019-20 DHS,Region : East,10,20.8,6,2.7,59.4,30.6,5,42.3,83.2
Rwanda,2019-20 DHS,Region : North,9,23.7,6.6,2.8,64.1,26.9,5,48.6,84.1
Rwanda,2019-20 DHS,Region : South,9.8,24.8,5.4,2.7,62.3,27.9,5,42.9,84.1
Rwanda,2017 MIS,Total 15-49,12.4,17.9,6.2,3,61.7,25.9,4.8,69.8,83
Rwanda,2017 MIS,Region : Kigali,4.7,20.6,12.7,10.8,50.2,45.1,5.9,76.2,93.3
Rwanda,2017 MIS,Region : West,12.5,17.5,6.3,1.4,64.6,22.9,4.5,68.8,80.3
Rwanda,2017 MIS,Region : East,12.8,16.4,4,1,66.8,20.5,4.4,68.3,82.8
Rwanda,2017 MIS,Region : North,13,21.5,4.9,1.6,63.6,23.3,4.9,73.7,84.2
Rwanda,2017 MIS,Region : South,17.7,14.6,4.5,2,60,22.3,4.4,63.8,76.7
Rwanda,2014-15 DHS,Total 15-49,12.3,21.6,4.9,2.7,64.3,23.4,4.6,49.3,80.2
Rwanda,2014-15 DHS,Region : Kigali,4.3,21.9,11.3,9.7,52.6,43.2,5.8,44.9,92.1
Rwanda,2014-15 DHS,Region : West,15.1,18.9,4.5,1.8,63.2,21.7,4.3,48.4,77.9
Rwanda,2014-15 DHS,Region : East,15.7,21.2,3.3,1.3,66.3,18,4.1,50,76.3
Rwanda,2014-15 DHS,Region : North,11.4,23.6,4,1.5,66.9,21.8,4.6,47.4,79.9
Rwanda,2014-15 DHS,Region : South,11.5,23,3.8,1.9,68,20.4,4.5,53.4,79.9
Rwanda,2013 MIS,Total 15-49,13.8,17.2,4.3,2.3,68.9,17.3,4.6,51.5,80.2
Rwanda,2013 MIS,Region : Kigali,5.8,19.8,12.2,12.5,53.8,40.4,5.7,44.1,92
Rwanda,2013 MIS,Region : West,17.5,17.8,2.4,0.9,71.9,10.6,4.2,52.9,75.1
Rwanda,2013 MIS,Region : East,15.1,15.4,3.6,0.9,69.2,15.6,4.4,49.8,79.8
Rwanda,2013 MIS,Region : North,13.7,19,3.4,0.7,69.3,17,4.8,54.6,80.7
Rwanda,2013 MIS,Region : South,12.9,15.7,3.5,1,73.4,13.7,4.3,54,79
Rwanda,2010 DHS,Total 15-49,15.5,13.9,2.8,1.5,68.3,16.2,3.8,52.2,76.9
Rwanda,2010 DHS,Region : Kigali,6.2,12.5,10.3,8.3,51.8,42,5.7,42.8,90.4
Rwanda,2010 DHS,Region : West,19.9,12.6,1.5,1.1,68,12.1,3.4,50.9,72.7
Rwanda,2010 DHS,Region : East,17.1,12.9,2.1,0.5,70.1,12.8,3.4,52.6,74.2
Rwanda,2010 DHS,Region : North,16.3,17.4,1.8,0.4,71.2,12.5,3.8,54.3,75.7
Rwanda,2010 DHS,Region : South,13.4,14.4,1.7,0.4,72.9,13.7,3.8,56.4,78.3
Rwanda,2007-08 DHS,Total 15-49,22.2,17.5,3,0.9,66.2,11.6,3.6,,
Rwanda,2007-08 DHS,Region : Kigali,11.7,19.3,8.3,4.7,54.7,33.6,5.3,,
Rwanda,2007-08 DHS,Region : West,26,14.4,2,0.6,65.1,8.9,3.2,,
Rwanda,2007-08 DHS,Region : East,23.5,16,2.3,0.2,67.7,8.8,3.4,,
Rwanda,2007-08 DHS,Region : North,23.4,18.3,3.5,0.6,65.4,11.1,3.7,,
Rwanda,2007-08 DHS,Region : South,20.6,20.4,2.2,0.7,70.4,8.9,3.7,,
Rwanda,2005 DHS,Total 15-49,23.4,10.7,2.1,0.6,67.1,9.6,3.1,49.6,70.3
Rwanda,2005 DHS,Region : Kigali,11.3,14.7,7.2,4.1,58.6,30.1,5.1,47.5,85
Rwanda,2005 DHS,Region : West,28.1,9.8,1.3,0.3,65.7,6.2,2.7,47,65.8
Rwanda,2005 DHS,Region : East,25.5,9.9,0.9,0.1,68.9,5.5,2.7,49,66.2
Rwanda,2005 DHS,Region : North,25.4,7.5,2,0.1,65.2,9.4,3.1,45.7,69.5
Rwanda,2005 DHS,Region : South,20.3,12.8,1.8,0.3,71.4,8.3,3.3,55.9,72.8
Rwanda,2000 DHS,Total 15-49,29.4,17.2,1.8,0.3,59.9,10.6,3.2,47.2,66.1
Rwanda,2000 DHS,Region : Butare/Gitarama,22.7,22.8,1.2,0.2,68.8,8.5,3.6,55.4,72.6
Rwanda,2000 DHS,Region : ..Butare,25,21.5,1.2,0.5,66.5,8.4,3.4,51.3,68.7
Rwanda,2000 DHS,Region : ..Gitarama,20.9,23.9,1.1,0,70.6,8.5,3.8,58.7,75.8
Rwanda,2000 DHS,Region : Byumba/Kibungo,32.6,16.3,0.5,0,60.5,6.9,2.7,45.3,61.1
Rwanda,2000 DHS,Region : ..Byumba,37.6,15.6,0.8,0,56.5,5.9,2.2,42.5,56.5
Rwanda,2000 DHS,Region : ..Kibungo,28,17.7,0.3,0,62.8,9.2,3.1,46.4,64.6
Rwanda,2000 DHS,Region : ..Umutara,31.8,14.2,0.2,0,64.7,3.5,2.6,49.5,64.1
Rwanda,2000 DHS,Region : Cyangugu/Ginkongoro,30.2,17.9,1.2,0.1,60.8,8.9,3.2,47.5,64.3
Rwanda,2000 DHS,Region : ..Cyangugu,22.7,20.4,2,0.2,65.4,11.9,3.9,51.4,72.8
Rwanda,2000 DHS,Region : ..Gikongoro,39.7,14.8,0.1,0,55.1,5.1,1.8,42.6,53.6
Rwanda,2000 DHS,Region : Kibuye/Ruhengeri/Gisenyi,37.1,13,2.2,0.2,53.2,9.6,2.3,41.4,58.7
Rwanda,2000 DHS,Region : ..Kibuye,43.4,13.7,0.1,0,54.3,2.4,1.3,42.1,52.9
Rwanda,2000 DHS,Region : ..Ruhengeri,36.7,12.7,2.7,0.1,54,9.3,2.5,42.4,58.2
Rwanda,2000 DHS,Region : ..Gisenyi,34.5,12.9,2.8,0.3,52,13.5,2.6,40.1,61.9
Rwanda,2000 DHS,Region : Kigali Prefecture 1992,21.3,18.2,3.4,1.3,59.2,19.5,4.2,48.8,76.6
Rwanda,2000 DHS,Region : ..Kigali Ville (PVK) 2000,9.7,19.4,7.4,2.8,52.2,38,5.7,43.8,87
Rwanda,2000 DHS,Region : ..Kigali Rurale 2000,25.8,17.7,1.9,0.7,61.9,12.4,3.5,50.8,72.5
Rwanda,1992 DHS,Total 15-49,38,7.8,0.6,0.2,54.1,7.9,2.2,,
Rwanda,1992 DHS,Region : Butare/Gitarama,29.4,9.8,0.6,0,61.6,9.1,3.3,,
Rwanda,1992 DHS,Region : ..Butare,30.9,9.3,0.5,0.1,59.7,9.4,3.4,,
Rwanda,1992 DHS,Region : ..Gitarama,28,10.2,0.7,0,63.2,8.7,3.2,,
Rwanda,1992 DHS,Region : Byumba/Kibungo,39.9,8.4,0.3,0,54.8,5.3,1.9,,
Rwanda,1992 DHS,Region : ..Byumba,38,7.8,0.4,0,55.5,6.6,2.3,,
Rwanda,1992 DHS,Region : ..Kibungo,41.7,9,0.2,0,54.2,4.1,1.6,,
Rwanda,1992 DHS,Region : Cyangugu/Ginkongoro,38.9,5.6,0.5,0.1,54.6,6.5,2.2,,
Rwanda,1992 DHS,Region : ..Cyangugu,38.5,4.5,0.4,0,56.5,5,2.1,,
Rwanda,1992 DHS,Region : ..Gikongoro,39.3,6.6,0.6,0.2,52.8,7.9,2.2,,
Rwanda,1992 DHS,Region : Kibuye/Ruhengeri/Gisenyi,46.7,6.2,0.3,0.1,47.9,5.5,0.4,,
Rwanda,1992 DHS,Region : ..Kibuye,38.5,6.9,0.4,0,55.6,6,1.7,,
Rwanda,1992 DHS,Region : ..Ruhengeri,49,5.9,0.3,0.1,44.6,6.4,,,
Rwanda,1992 DHS,Region : ..Gisenyi,50.3,6,0.2,0.2,45.6,4.2,,,
Rwanda,1992 DHS,Region : Kigali Prefecture 1992,34.7,8.4,1.3,0.6,51.7,13.6,3,,
Tajikistan,2017 DHS,Total 15-49,2.1,1.9,39.5,17.4,3.7,94.2,9.8,62.5,94.5
Tajikistan,2017 DHS,Region : Dushanbe,0.9,0.7,30.3,33.9,5.3,93.8,10.3,56,98.8
Tajikistan,2017 DHS,Region : GBAO,0.4,0.3,43.2,41.7,0.8,98.8,10.7,48.7,97.6
Tajikistan,2017 DHS,Region : Sughd,0.7,0.3,46,23,0.7,98.7,10.1,66.6,97.4
Tajikistan,2017 DHS,Region : DRS,2.7,2.5,28.9,10.9,4.1,93.3,8.8,69.6,94.8
Tajikistan,2017 DHS,Region : Khatlon,3.2,3.2,42.3,11.2,5.9,90.9,9.7,57.3,90.6
Tajikistan,2012 DHS,Total 15-49,2,2.1,42.6,13.1,3.9,94.1,9.4,,
Tajikistan,2012 DHS,Region : Dushanbe,0.9,1.6,32.8,28.7,3.8,95.3,9.7,,
Tajikistan,2012 DHS,Region : GBAO,0.2,0.2,46.5,36.8,0.5,99.4,10.6,,
Tajikistan,2012 DHS,Region : Sughd,0.5,0.6,47.6,17,1,98.5,9.7,,
Tajikistan,2012 DHS,Region : DRS,1.8,3.2,35.1,9.6,5.4,92.9,8.9,,
Tajikistan,2012 DHS,Region : Khatlon,3.9,3,45.7,6.6,5.5,90.6,9.2,,
Timor-Leste,2016 DHS,Total 15-49,21.7,6.5,19.8,11,15.2,63,8,49.9,74.6
Timor-Leste,2016 DHS,Region : Aileu,24.4,7.7,17.5,5.6,18.9,56.8,7,47.3,74
Timor-Leste,2016 DHS,Region : Ainaro,31,5.5,16.8,4.1,17.2,51.8,6.1,46.1,64.8
Timor-Leste,2016 DHS,Region : Baucau,16.2,4.9,22,7.4,14.3,69.5,8.3,52,76.9
Timor-Leste,2016 DHS,Region : Bobonaro,35.9,7.7,14.8,4,19.4,44.7,5.3,42.4,60.3
Timor-Leste,2016 DHS,Region : Cova Lima,18,11.8,20.6,3.6,20.8,61.1,7.7,49.2,69.9
Timor-Leste,2016 DHS,Region : Dili,6.6,3.6,26.7,30,8.2,85.2,11.2,53.9,91.1
Timor-Leste,2016 DHS,Region : Ermera,47.9,4.8,10.2,1.8,11.8,40.4,2.5,38.3,53.9
Timor-Leste,2016 DHS,Region : Liquica,24.6,6,18.4,4.7,20.5,54.9,6.7,40.9,72.1
Timor-Leste,2016 DHS,Region : Lautem,20.1,10.4,21.8,4.3,17.7,62.3,7.8,54.9,74.5
Timor-Leste,2016 DHS,Region : Manufahi,18.7,6.1,20.9,5.2,14,67.4,8.1,61.7,77.9
Timor-Leste,2016 DHS,Region : Manatuto,20.7,6.3,21.1,5.1,16.2,63.1,7.6,54,73.2
Timor-Leste,2016 DHS,Region : Oecussi,30.2,13.1,12.3,3.8,28.7,41,5.3,50.2,64.2
Timor-Leste,2016 DHS,Region : Viqueque,25.8,8.3,17.2,4.2,16.6,57.6,7.1,52.2,73.5
Timor-Leste,2009-10 DHS,Total 15-49,29.3,8.9,15.8,3.4,22.9,47.8,5.7,10.9,68
Timor-Leste,2009-10 DHS,Region : Aileu,31.4,9.6,10.3,0.8,25,43.6,5.3,11.6,65
Timor-Leste,2009-10 DHS,Region : Ainaro,39.9,5.9,13.4,1.7,16.6,43.5,4.8,5.1,57.8
Timor-Leste,2009-10 DHS,Region : Baucau,27.1,7,17.4,1.5,22.6,50.4,6,12.1,69.3
Timor-Leste,2009-10 DHS,Region : Bobonaro,39.6,10.1,10.1,1.3,24.8,35.6,4.1,10.8,58
Timor-Leste,2009-10 DHS,Region : Cova Lima,21.7,10.5,14.6,1.7,25.6,52.7,6.6,10.6,74.2
Timor-Leste,2009-10 DHS,Region : Dili,10.5,5.2,31.7,13.3,15,74.5,12.5,7.9,89.2
Timor-Leste,2009-10 DHS,Region : Ermera,49.3,8.2,7.6,0.2,21.1,29.5,1.2,5.5,47.2
Timor-Leste,2009-10 DHS,Region : Liquica,33.5,7.9,11.6,0.8,27,39.5,4.5,11,62.8
Timor-Leste,2009-10 DHS,Region : Lautem,20.2,12.8,14.2,1,26.4,53.4,6.5,14.4,78.1
Timor-Leste,2009-10 DHS,Region : Manufahi,27.2,8.1,14.5,1.5,22.5,50.3,6,11.6,70.3
Timor-Leste,2009-10 DHS,Region : Manatuto,24.5,8.9,18.9,1.4,24.7,50.8,6,14.5,73.7
Timor-Leste,2009-10 DHS,Region : Oecussi,41,18.4,5.5,0.9,36,23,3.4,20.6,51.6
Timor-Leste,2009-10 DHS,Region : Viqueque,32.1,9.5,11.8,1.6,24.9,43.1,5.2,15.3,66.6
Togo,2017 MIS,Total 15-49,32,8.7,2.1,3.8,30.6,37.3,4.5,39.2,51.8
Togo,2017 MIS,Region : Ensemble Maritime,21.2,9.5,3.1,6.6,30.2,48.5,5.7,50.9,66.6
Togo,2017 MIS,Region : ..Maritime,30.7,10,1.4,1.3,35.2,34.1,4.4,40.5,53.8
Togo,2017 MIS,Region : ..Lomé,15.5,9.2,4.1,9.7,27.2,57.3,7.1,57.2,74.4
Togo,2017 MIS,Region : Plateaux,39.1,8.8,0.8,0.4,37.1,23.8,2.5,29.2,38.3
Togo,2017 MIS,Region : Centrale,30,9.8,1.9,1,37.7,32.4,4.3,34.4,43
Togo,2017 MIS,Region : Kara,35.9,8.2,2.4,4.6,25,39.2,4.6,33.7,49.1
Togo,2017 MIS,Region : Savanes,63.7,4.7,0.8,0.6,16.5,19.8,,18.4,25.6
Togo,2013-14 DHS,Total 15-49,31.8,7.9,1.5,3.4,33.5,34.8,4.1,5.7,52.3
Togo,2013-14 DHS,Region : Ensemble Maritime,22.4,9.8,2.1,5.8,34.7,42.9,5.2,6.5,62.7
Togo,2013-14 DHS,Region : ..Maritime,34.7,10.8,0.2,0.7,39,26.3,3.6,4.5,44.6
Togo,2013-14 DHS,Region : ..Lomé,15.9,9.3,3.1,8.4,32.4,51.6,5.9,7.5,72.2
Togo,2013-14 DHS,Region : Plateaux,33.6,9.6,1.3,0.6,38.5,27.9,3.6,5.7,47.1
Togo,2013-14 DHS,Region : Centrale,30.4,4.4,0.7,0.6,36.9,32.7,3.7,4.8,48.7
Togo,2013-14 DHS,Region : Kara,34.8,3.7,0.7,3.8,32.5,32.7,3.2,7.4,50.2
Togo,2013-14 DHS,Region : Savanes,65.8,3.5,0.7,0.4,16.6,17.7,,1.5,23.6
Togo,1998 DHS,Total 15-49,48.1,2.6,,0.6,34.9,17,0.5,,
Togo,1998 DHS,Region : Ensemble Maritime,40.8,3.6,,1.4,35.5,23.8,2,,
Togo,1998 DHS,Region : ..Maritime,55.1,2.4,,0.1,32.5,12.3,,,
Togo,1998 DHS,Region : ..Lomé,25.3,5,,2.8,38.7,36,4.3,,
Togo,1998 DHS,Region : Plateaux,43.4,3,,0,43.9,12.7,1.3,,
Togo,1998 DHS,Region : Centrale,52.2,1,,0,35.2,12.7,,,
Togo,1998 DHS,Region : Kara,52,1.4,,0,32.2,15.8,,,
Togo,1998 DHS,Region : Savanes,82.7,0.2,,0,13.4,3.9,,,
,,,,,,,,,,,
Women with no education,Percentage of women with no education,,,,,,,,,,
Women with completed primary education,Percentage of women with completed primary education,,,,,,,,,,
Women with completed secondary education,Percentage of women with completed secondary education,,,,,,,,,,
Women with more than secondary education,Percentage of women with more than secondary education,,,,,,,,,,
Women with primary education,Percentage of women with primary education,,,,,,,,,,
Women with secondary or higher education,Percentage of women with secondary or higher education,,,,,,,,,,
Median years of education completed [Women],Median number of years of education completed by women,,,,,,,,,,
Women who can read a whole sentence,Percentage of women who can read a whole sentence,,,,,,,,,,
Women who are literate,Percentage of women who are literate,,,,,,,,,,
"ICF, 2015. The DHS Program STATcompiler. Funded by USAID. http://www.statcompiler.com. December 22 2021",,,,,,,,,,,